0	0.2	1	1	0.3916	https://string-db.org/api/tsv-no-header/ppi_enrichment	"10	1	0.2	0.2	0	0.3916"
0	0.2	1	2	1.0	https://string-db.org/api/tsv-no-header/ppi_enrichment	"10	0	0.0	0.0	0	1.0"
0	0.2	1	3	1.0	https://string-db.org/api/tsv-no-header/ppi_enrichment	"10	0	0.0	0.0	1	1.0"
0	0.2	1	4	0.3093	https://string-db.org/api/tsv-no-header/ppi_enrichment	"9	2	0.44	0.222	1	0.3093"
0	0.2	1	5	0.1287	https://string-db.org/api/tsv-no-header/ppi_enrichment	"10	2	0.4	0.4	1	0.1287"
0	0.2	1	6	1.0	https://string-db.org/api/tsv-no-header/ppi_enrichment	"10	0	0.0	0.0	1	1.0"
0	0.2	1	7	0.1911	https://string-db.org/api/tsv-no-header/ppi_enrichment	"10	3	0.6	0.6	1	0.1911"
0	0.2	1	8	1.0	https://string-db.org/api/tsv-no-header/ppi_enrichment	"10	0	0.0	0.0	1	1.0"
0	0.2	1	9	0.5733	https://string-db.org/api/tsv-no-header/ppi_enrichment	"10	1	0.2	0.2	1	0.5733"
0	0.2	1	10	1.0	https://string-db.org/api/tsv-no-header/ppi_enrichment	"10	0	0.0	0.0	1	1.0"
0	0.2	2	1	1.0	https://string-db.org/api/tsv-no-header/ppi_enrichment	"10	0	0.0	0.0	0	1.0"
0	0.2	2	2	0.7434	https://string-db.org/api/tsv-no-header/ppi_enrichment	"10	1	0.2	0.2	1	0.7434"
0	0.2	2	3	0.2683	https://string-db.org/api/tsv-no-header/ppi_enrichment	"10	1	0.2	0.2	0	0.2683"
0	0.2	2	4	0.6012	https://string-db.org/api/tsv-no-header/ppi_enrichment	"10	1	0.2	0.2	1	0.6012"
0	0.2	2	5	0.4938	https://string-db.org/api/tsv-no-header/ppi_enrichment	"10	6	1.2	0.567	6	0.4938"
0	0.2	2	6	0.315	https://string-db.org/api/tsv-no-header/ppi_enrichment	"10	1	0.2	0.2	0	0.315"
0	0.2	2	7	0.1965	https://string-db.org/api/tsv-no-header/ppi_enrichment	"10	2	0.4	0.4	1	0.1965"
0	0.2	2	8	1.0	https://string-db.org/api/tsv-no-header/ppi_enrichment	"10	0	0.0	0.0	1	1.0"
0	0.2	2	9	0.6461	https://string-db.org/api/tsv-no-header/ppi_enrichment	"10	1	0.2	0.2	1	0.6461"
0	0.2	2	10	1.0	https://string-db.org/api/tsv-no-header/ppi_enrichment	"10	0	0.0	0.0	1	1.0"
0	0.2	3	1	1.0	https://string-db.org/api/tsv-no-header/ppi_enrichment	"9	0	0.0	0.0	1	1.0"
0	0.2	3	2	0.2944	https://string-db.org/api/tsv-no-header/ppi_enrichment	"10	1	0.2	0.2	0	0.2944"
0	0.2	3	3	1.0	https://string-db.org/api/tsv-no-header/ppi_enrichment	"10	0	0.0	0.0	0	1.0"
0	0.2	3	4	0.6295	https://string-db.org/api/tsv-no-header/ppi_enrichment	"9	1	0.22	0.222	1	0.6295"
0	0.2	3	5	0.339	https://string-db.org/api/tsv-no-header/ppi_enrichment	"10	3	0.6	0.2	2	0.339"
0	0.2	3	6	1.0	https://string-db.org/api/tsv-no-header/ppi_enrichment	"10	0	0.0	0.0	0	1.0"
0	0.2	3	7	0.35	https://string-db.org/api/tsv-no-header/ppi_enrichment	"10	1	0.2	0.2	0	0.35"
0	0.2	3	8	0.2341	https://string-db.org/api/tsv-no-header/ppi_enrichment	"10	2	0.4	0.4	1	0.2341"
0	0.2	3	9	1.0	https://string-db.org/api/tsv-no-header/ppi_enrichment	"10	0	0.0	0.0	0	1.0"
0	0.2	3	10	0.0039	https://string-db.org/api/tsv-no-header/ppi_enrichment	"10	8	1.6	0.45	2	0.0039"
0	0.2	4	1	1.0	https://string-db.org/api/tsv-no-header/ppi_enrichment	"10	0	0.0	0.0	1	1.0"
0	0.2	4	2	1.0	https://string-db.org/api/tsv-no-header/ppi_enrichment	"8	0	0.0	0.0	0	1.0"
0	0.2	4	3	0.0808	https://string-db.org/api/tsv-no-header/ppi_enrichment	"10	3	0.6	0.2	1	0.0808"
0	0.2	4	4	1.0	https://string-db.org/api/tsv-no-header/ppi_enrichment	"10	0	0.0	0.0	0	1.0"
0	0.2	4	5	0.4219	https://string-db.org/api/tsv-no-header/ppi_enrichment	"10	1	0.2	0.2	1	0.4219"
0	0.2	4	6	1.0	https://string-db.org/api/tsv-no-header/ppi_enrichment	"9	0	0.0	0.0	1	1.0"
0	0.2	4	7	0.3549	https://string-db.org/api/tsv-no-header/ppi_enrichment	"10	2	0.4	0.4	1	0.3549"
0	0.2	4	8	0.0688	https://string-db.org/api/tsv-no-header/ppi_enrichment	"10	2	0.4	0.4	0	0.0688"
0	0.2	4	9	0.2964	https://string-db.org/api/tsv-no-header/ppi_enrichment	"10	1	0.2	0.2	0	0.2964"
0	0.2	4	10	0.5197	https://string-db.org/api/tsv-no-header/ppi_enrichment	"10	1	0.2	0.2	1	0.5197"
0	0.2	5	1	0.00018	https://string-db.org/api/tsv-no-header/ppi_enrichment	"10	10	2.0	0.563	2	0.00018"
0	0.2	5	2	0.6567	https://string-db.org/api/tsv-no-header/ppi_enrichment	"10	1	0.2	0.2	1	0.6567"
0	0.2	5	3	1.0	https://string-db.org/api/tsv-no-header/ppi_enrichment	"10	0	0.0	0.0	0	1.0"
0	0.2	5	4	0.44	https://string-db.org/api/tsv-no-header/ppi_enrichment	"10	1	0.2	0.2	1	0.44"
0	0.2	5	5	0.7335	https://string-db.org/api/tsv-no-header/ppi_enrichment	"9	1	0.22	0.222	1	0.7335"
0	0.2	5	6	1.0	https://string-db.org/api/tsv-no-header/ppi_enrichment	"10	0	0.0	0.0	1	1.0"
0	0.2	5	7	0.4547	https://string-db.org/api/tsv-no-header/ppi_enrichment	"10	1	0.2	0.2	1	0.4547"
0	0.2	5	8	0.3442	https://string-db.org/api/tsv-no-header/ppi_enrichment	"10	1	0.2	0.2	0	0.3442"
0	0.2	5	9	1.0	https://string-db.org/api/tsv-no-header/ppi_enrichment	"10	0	0.0	0.0	1	1.0"
0	0.2	5	10	1.0	https://string-db.org/api/tsv-no-header/ppi_enrichment	"10	0	0.0	0.0	1	1.0"
0	0.2	6	1	1.0	https://string-db.org/api/tsv-no-header/ppi_enrichment	"10	0	0.0	0.0	1	1.0"
0	0.2	6	2	1.0	https://string-db.org/api/tsv-no-header/ppi_enrichment	"10	0	0.0	0.0	0	1.0"
0	0.2	6	3	0.4668	https://string-db.org/api/tsv-no-header/ppi_enrichment	"10	2	0.4	0.4	2	0.4668"
0	0.2	6	4	0.0152	https://string-db.org/api/tsv-no-header/ppi_enrichment	"10	4	0.8	0.4	1	0.0152"
0	0.2	6	5	1.0	https://string-db.org/api/tsv-no-header/ppi_enrichment	"10	0	0.0	0.0	0	1.0"
0	0.2	6	6	2.6e-06	https://string-db.org/api/tsv-no-header/ppi_enrichment	"10	6	1.2	0.533	0	2.6e-06"
0	0.2	6	7	0.496	https://string-db.org/api/tsv-no-header/ppi_enrichment	"10	1	0.2	0.2	1	0.496"
0	0.2	6	8	1.0	https://string-db.org/api/tsv-no-header/ppi_enrichment	"9	0	0.0	0.0	1	1.0"
0	0.2	6	9	0.45	https://string-db.org/api/tsv-no-header/ppi_enrichment	"10	1	0.2	0.2	1	0.45"
0	0.2	6	10	0.5532	https://string-db.org/api/tsv-no-header/ppi_enrichment	"10	1	0.2	0.2	1	0.5532"
0	0.2	7	1	0.0737	https://string-db.org/api/tsv-no-header/ppi_enrichment	"10	2	0.4	0.2	0	0.0737"
0	0.2	7	2	0.582	https://string-db.org/api/tsv-no-header/ppi_enrichment	"10	1	0.2	0.2	1	0.582"
0	0.2	7	3	0.0161	https://string-db.org/api/tsv-no-header/ppi_enrichment	"10	4	0.8	0.4	1	0.0161"
0	0.2	7	4	0.3289	https://string-db.org/api/tsv-no-header/ppi_enrichment	"10	1	0.2	0.2	0	0.3289"
0	0.2	7	5	0.4477	https://string-db.org/api/tsv-no-header/ppi_enrichment	"10	2	0.4	0.2	2	0.4477"
0	0.2	7	6	0.1619	https://string-db.org/api/tsv-no-header/ppi_enrichment	"10	3	0.6	0.4	1	0.1619"
0	0.2	7	7	0.5889	https://string-db.org/api/tsv-no-header/ppi_enrichment	"10	1	0.2	0.2	1	0.5889"
0	0.2	7	8	1.0	https://string-db.org/api/tsv-no-header/ppi_enrichment	"10	0	0.0	0.0	1	1.0"
0	0.2	7	9	0.3377	https://string-db.org/api/tsv-no-header/ppi_enrichment	"10	2	0.4	0.2	1	0.3377"
0	0.2	7	10	1.0	https://string-db.org/api/tsv-no-header/ppi_enrichment	"10	0	0.0	0.0	0	1.0"
0	0.2	8	1	0.0688	https://string-db.org/api/tsv-no-header/ppi_enrichment	"10	4	0.8	0.3	2	0.0688"
0	0.2	8	2	0.4142	https://string-db.org/api/tsv-no-header/ppi_enrichment	"10	2	0.4	0.4	1	0.4142"
0	0.2	8	3	0.4697	https://string-db.org/api/tsv-no-header/ppi_enrichment	"9	1	0.22	0.222	1	0.4697"
0	0.2	8	4	0.2195	https://string-db.org/api/tsv-no-header/ppi_enrichment	"10	3	0.6	0.2	2	0.2195"
0	0.2	8	5	0.5215	https://string-db.org/api/tsv-no-header/ppi_enrichment	"10	1	0.2	0.2	1	0.5215"
0	0.2	8	6	1.0	https://string-db.org/api/tsv-no-header/ppi_enrichment	"10	0	0.0	0.0	1	1.0"
0	0.2	8	7	0.1294	https://string-db.org/api/tsv-no-header/ppi_enrichment	"10	2	0.4	0.4	1	0.1294"
0	0.2	8	8	0.2249	https://string-db.org/api/tsv-no-header/ppi_enrichment	"10	2	0.4	0.4	1	0.2249"
0	0.2	8	9	0.3577	https://string-db.org/api/tsv-no-header/ppi_enrichment	"10	1	0.2	0.2	0	0.3577"
0	0.2	8	10	0.3547	https://string-db.org/api/tsv-no-header/ppi_enrichment	"10	1	0.2	0.2	0	0.3547"
0	0.2	9	1	0.4631	https://string-db.org/api/tsv-no-header/ppi_enrichment	"10	1	0.2	0.2	1	0.4631"
0	0.2	9	2	0.2116	https://string-db.org/api/tsv-no-header/ppi_enrichment	"10	2	0.4	0.2	1	0.2116"
0	0.2	9	3	0.4093	https://string-db.org/api/tsv-no-header/ppi_enrichment	"10	2	0.4	0.4	1	0.4093"
0	0.2	9	4	0.1372	https://string-db.org/api/tsv-no-header/ppi_enrichment	"10	5	1.0	0.3	3	0.1372"
0	0.2	9	5	0.3877	https://string-db.org/api/tsv-no-header/ppi_enrichment	"9	1	0.22	0.222	0	0.3877"
0	0.2	9	6	0.2604	https://string-db.org/api/tsv-no-header/ppi_enrichment	"10	3	0.6	0.3	2	0.2604"
0	0.2	9	7	0.1872	https://string-db.org/api/tsv-no-header/ppi_enrichment	"10	1	0.2	0.2	0	0.1872"
0	0.2	9	8	0.2619	https://string-db.org/api/tsv-no-header/ppi_enrichment	"10	1	0.2	0.2	0	0.2619"
0	0.2	9	9	0.1227	https://string-db.org/api/tsv-no-header/ppi_enrichment	"10	5	1.0	0.367	3	0.1227"
0	0.2	9	10	0.0078	https://string-db.org/api/tsv-no-header/ppi_enrichment	"10	3	0.6	0.3	0	0.0078"
0	0.2	10	1	1.0	https://string-db.org/api/tsv-no-header/ppi_enrichment	"10	0	0.0	0.0	0	1.0"
0	0.2	10	2	1.0	https://string-db.org/api/tsv-no-header/ppi_enrichment	"10	0	0.0	0.0	1	1.0"
0	0.2	10	3	1.0	https://string-db.org/api/tsv-no-header/ppi_enrichment	"10	0	0.0	0.0	0	1.0"
0	0.2	10	4	1.0	https://string-db.org/api/tsv-no-header/ppi_enrichment	"10	0	0.0	0.0	0	1.0"
0	0.2	10	5	0.0948	https://string-db.org/api/tsv-no-header/ppi_enrichment	"10	2	0.4	0.4	1	0.0948"
0	0.2	10	6	0.0961	https://string-db.org/api/tsv-no-header/ppi_enrichment	"10	4	0.8	0.4	2	0.0961"
0	0.2	10	7	0.433	https://string-db.org/api/tsv-no-header/ppi_enrichment	"10	1	0.2	0.2	1	0.433"
0	0.2	10	8	0.4571	https://string-db.org/api/tsv-no-header/ppi_enrichment	"10	2	0.4	0.4	2	0.4571"
0	0.2	10	9	1.0	https://string-db.org/api/tsv-no-header/ppi_enrichment	"10	0	0.0	0.0	1	1.0"
0	0.2	10	10	0.6384	https://string-db.org/api/tsv-no-header/ppi_enrichment	"10	1	0.2	0.2	1	0.6384"
0.2	0.4	1	1	1.0	https://string-db.org/api/tsv-no-header/ppi_enrichment	"9	0	0.0	0.0	0	1.0"
0.2	0.4	1	2	0.0125	https://string-db.org/api/tsv-no-header/ppi_enrichment	"10	4	0.8	0.5	1	0.0125"
0.2	0.4	1	3	0.09	https://string-db.org/api/tsv-no-header/ppi_enrichment	"9	3	0.67	0.333	1	0.09"
0.2	0.4	1	4	1.0	https://string-db.org/api/tsv-no-header/ppi_enrichment	"10	0	0.0	0.0	1	1.0"
0.2	0.4	1	5	0.0108	https://string-db.org/api/tsv-no-header/ppi_enrichment	"10	6	1.2	0.4	2	0.0108"
0.2	0.4	1	6	0.7317	https://string-db.org/api/tsv-no-header/ppi_enrichment	"9	1	0.22	0.222	1	0.7317"
0.2	0.4	1	7	0.0025	https://string-db.org/api/tsv-no-header/ppi_enrichment	"10	8	1.6	0.6	2	0.0025"
0.2	0.4	1	8	0.0458	https://string-db.org/api/tsv-no-header/ppi_enrichment	"9	4	0.89	0.37	1	0.0458"
0.2	0.4	1	9	0.086	https://string-db.org/api/tsv-no-header/ppi_enrichment	"9	3	0.67	0.333	1	0.086"
0.2	0.4	1	10	2.61e-06	https://string-db.org/api/tsv-no-header/ppi_enrichment	"10	11	2.2	0.517	2	2.61e-06"
0.2	0.4	2	1	0.242	https://string-db.org/api/tsv-no-header/ppi_enrichment	"9	2	0.44	0.222	1	0.242"
0.2	0.4	2	2	0.3709	https://string-db.org/api/tsv-no-header/ppi_enrichment	"10	2	0.4	0.4	1	0.3709"
0.2	0.4	2	3	0.1644	https://string-db.org/api/tsv-no-header/ppi_enrichment	"10	4	0.8	0.4	2	0.1644"
0.2	0.4	2	4	0.3828	https://string-db.org/api/tsv-no-header/ppi_enrichment	"9	2	0.44	0.222	1	0.3828"
0.2	0.4	2	5	0.0383	https://string-db.org/api/tsv-no-header/ppi_enrichment	"10	4	0.8	0.5	1	0.0383"
0.2	0.4	2	6	0.1383	https://string-db.org/api/tsv-no-header/ppi_enrichment	"9	3	0.67	0.333	1	0.1383"
0.2	0.4	2	7	0.0186	https://string-db.org/api/tsv-no-header/ppi_enrichment	"10	4	0.8	0.4	1	0.0186"
0.2	0.4	2	8	0.0329	https://string-db.org/api/tsv-no-header/ppi_enrichment	"10	5	1.0	0.533	2	0.0329"
0.2	0.4	2	9	0.4867	https://string-db.org/api/tsv-no-header/ppi_enrichment	"9	1	0.22	0.222	1	0.4867"
0.2	0.4	2	10	0.1626	https://string-db.org/api/tsv-no-header/ppi_enrichment	"10	3	0.6	0.4	1	0.1626"
0.2	0.4	3	1	1.0	https://string-db.org/api/tsv-no-header/ppi_enrichment	"10	0	0.0	0.0	1	1.0"
0.2	0.4	3	2	0.0373	https://string-db.org/api/tsv-no-header/ppi_enrichment	"9	3	0.67	0.333	1	0.0373"
0.2	0.4	3	3	0.0109	https://string-db.org/api/tsv-no-header/ppi_enrichment	"10	10	2.0	0.567	4	0.0109"
0.2	0.4	3	4	0.1319	https://string-db.org/api/tsv-no-header/ppi_enrichment	"10	4	0.8	0.5	2	0.1319"
0.2	0.4	3	5	0.0582	https://string-db.org/api/tsv-no-header/ppi_enrichment	"10	5	1.0	0.4	2	0.0582"
0.2	0.4	3	6	0.0477	https://string-db.org/api/tsv-no-header/ppi_enrichment	"10	5	1.0	0.2	2	0.0477"
0.2	0.4	3	7	0.00053	https://string-db.org/api/tsv-no-header/ppi_enrichment	"9	7	1.56	0.667	1	0.00053"
0.2	0.4	3	8	0.173	https://string-db.org/api/tsv-no-header/ppi_enrichment	"8	2	0.5	0.5	1	0.173"
0.2	0.4	3	9	0.2733	https://string-db.org/api/tsv-no-header/ppi_enrichment	"10	6	1.2	0.733	4	0.2733"
0.2	0.4	3	10	0.1366	https://string-db.org/api/tsv-no-header/ppi_enrichment	"10	2	0.4	0.2	1	0.1366"
0.2	0.4	4	1	0.0273	https://string-db.org/api/tsv-no-header/ppi_enrichment	"10	4	0.8	0.333	1	0.0273"
0.2	0.4	4	2	0.0016	https://string-db.org/api/tsv-no-header/ppi_enrichment	"9	9	2.0	0.5	3	0.0016"
0.2	0.4	4	3	0.00087	https://string-db.org/api/tsv-no-header/ppi_enrichment	"10	6	1.2	0.9	1	0.00087"
0.2	0.4	4	4	0.1506	https://string-db.org/api/tsv-no-header/ppi_enrichment	"9	3	0.67	0.333	1	0.1506"
0.2	0.4	4	5	0.1211	https://string-db.org/api/tsv-no-header/ppi_enrichment	"10	3	0.6	0.2	1	0.1211"
0.2	0.4	4	6	0.7815	https://string-db.org/api/tsv-no-header/ppi_enrichment	"10	1	0.2	0.2	2	0.7815"
0.2	0.4	4	7	0.00038	https://string-db.org/api/tsv-no-header/ppi_enrichment	"10	9	1.8	0.267	2	0.00038"
0.2	0.4	4	8	1.0	https://string-db.org/api/tsv-no-header/ppi_enrichment	"10	0	0.0	0.0	1	1.0"
0.2	0.4	4	9	0.0295	https://string-db.org/api/tsv-no-header/ppi_enrichment	"10	7	1.4	0.45	3	0.0295"
0.2	0.4	4	10	0.0019	https://string-db.org/api/tsv-no-header/ppi_enrichment	"9	7	1.56	0.5	2	0.0019"
0.2	0.4	5	1	0.0062	https://string-db.org/api/tsv-no-header/ppi_enrichment	"10	8	1.6	0.5	3	0.0062"
0.2	0.4	5	2	0.4986	https://string-db.org/api/tsv-no-header/ppi_enrichment	"10	2	0.4	0.4	2	0.4986"
0.2	0.4	5	3	0.5951	https://string-db.org/api/tsv-no-header/ppi_enrichment	"9	1	0.22	0.222	1	0.5951"
0.2	0.4	5	4	0.0363	https://string-db.org/api/tsv-no-header/ppi_enrichment	"10	5	1.0	0.5	2	0.0363"
0.2	0.4	5	5	1.0	https://string-db.org/api/tsv-no-header/ppi_enrichment	"9	0	0.0	0.0	1	1.0"
0.2	0.4	5	6	0.0038	https://string-db.org/api/tsv-no-header/ppi_enrichment	"10	6	1.2	0.4	1	0.0038"
0.2	0.4	5	7	0.00061	https://string-db.org/api/tsv-no-header/ppi_enrichment	"10	7	1.4	0.6	1	0.00061"
0.2	0.4	5	8	0.239	https://string-db.org/api/tsv-no-header/ppi_enrichment	"10	3	0.6	0.3	2	0.239"
0.2	0.4	5	9	0.0272	https://string-db.org/api/tsv-no-header/ppi_enrichment	"10	6	1.2	0.367	2	0.0272"
0.2	0.4	5	10	0.2514	https://string-db.org/api/tsv-no-header/ppi_enrichment	"9	3	0.67	0.333	2	0.2514"
0.2	0.4	6	1	0.009	https://string-db.org/api/tsv-no-header/ppi_enrichment	"9	6	1.33	0.444	2	0.009"
0.2	0.4	6	2	0.00013	https://string-db.org/api/tsv-no-header/ppi_enrichment	"10	12	2.4	0.56	3	0.00013"
0.2	0.4	6	3	0.0566	https://string-db.org/api/tsv-no-header/ppi_enrichment	"9	3	0.67	0.444	1	0.0566"
0.2	0.4	6	4	0.00049	https://string-db.org/api/tsv-no-header/ppi_enrichment	"10	8	1.6	0.65	2	0.00049"
0.2	0.4	6	5	0.00036	https://string-db.org/api/tsv-no-header/ppi_enrichment	"9	7	1.56	0.593	1	0.00036"
0.2	0.4	6	6	0.5359	https://string-db.org/api/tsv-no-header/ppi_enrichment	"10	2	0.4	0.4	2	0.5359"
0.2	0.4	6	7	0.0548	https://string-db.org/api/tsv-no-header/ppi_enrichment	"9	4	0.89	0.556	1	0.0548"
0.2	0.4	6	8	0.3024	https://string-db.org/api/tsv-no-header/ppi_enrichment	"10	2	0.4	0.4	1	0.3024"
0.2	0.4	6	9	0.00014	https://string-db.org/api/tsv-no-header/ppi_enrichment	"9	6	1.33	0.444	1	0.00014"
0.2	0.4	6	10	0.5427	https://string-db.org/api/tsv-no-header/ppi_enrichment	"10	1	0.2	0.2	1	0.5427"
0.2	0.4	7	1	0.0928	https://string-db.org/api/tsv-no-header/ppi_enrichment	"10	6	1.2	0.4	3	0.0928"
0.2	0.4	7	2	0.0409	https://string-db.org/api/tsv-no-header/ppi_enrichment	"10	6	1.2	0.5	2	0.0409"
0.2	0.4	7	3	0.0462	https://string-db.org/api/tsv-no-header/ppi_enrichment	"9	4	0.89	0.667	1	0.0462"
0.2	0.4	7	4	0.082	https://string-db.org/api/tsv-no-header/ppi_enrichment	"10	5	1.0	0.7	2	0.082"
0.2	0.4	7	5	0.0011	https://string-db.org/api/tsv-no-header/ppi_enrichment	"9	8	1.78	0.589	2	0.0011"
0.2	0.4	7	6	0.00037	https://string-db.org/api/tsv-no-header/ppi_enrichment	"10	9	1.8	0.65	2	0.00037"
0.2	0.4	7	7	0.2087	https://string-db.org/api/tsv-no-header/ppi_enrichment	"10	3	0.6	0.3	2	0.2087"
0.2	0.4	7	8	0.4911	https://string-db.org/api/tsv-no-header/ppi_enrichment	"9	2	0.44	0.444	2	0.4911"
0.2	0.4	7	9	0.1586	https://string-db.org/api/tsv-no-header/ppi_enrichment	"10	3	0.6	0.4	1	0.1586"
0.2	0.4	7	10	0.0303	https://string-db.org/api/tsv-no-header/ppi_enrichment	"10	5	1.0	0.367	2	0.0303"
0.2	0.4	8	1	0.3869	https://string-db.org/api/tsv-no-header/ppi_enrichment	"10	2	0.4	0.2	1	0.3869"
0.2	0.4	8	2	0.3761	https://string-db.org/api/tsv-no-header/ppi_enrichment	"10	4	0.8	0.3	3	0.3761"
0.2	0.4	8	3	0.6705	https://string-db.org/api/tsv-no-header/ppi_enrichment	"10	1	0.2	0.2	1	0.6705"
0.2	0.4	8	4	0.0815	https://string-db.org/api/tsv-no-header/ppi_enrichment	"10	4	0.8	0.6	2	0.0815"
0.2	0.4	8	5	0.4187	https://string-db.org/api/tsv-no-header/ppi_enrichment	"9	2	0.44	0.222	1	0.4187"
0.2	0.4	8	6	0.1004	https://string-db.org/api/tsv-no-header/ppi_enrichment	"10	3	0.6	0.3	1	0.1004"
0.2	0.4	8	7	1.0	https://string-db.org/api/tsv-no-header/ppi_enrichment	"10	0	0.0	0.0	1	1.0"
0.2	0.4	8	8	1.0	https://string-db.org/api/tsv-no-header/ppi_enrichment	"10	0	0.0	0.0	2	1.0"
0.2	0.4	8	9	0.3016	https://string-db.org/api/tsv-no-header/ppi_enrichment	"10	2	0.4	0.2	1	0.3016"
0.2	0.4	8	10	0.0691	https://string-db.org/api/tsv-no-header/ppi_enrichment	"10	3	0.6	0.6	1	0.0691"
0.2	0.4	9	1	0.6551	https://string-db.org/api/tsv-no-header/ppi_enrichment	"10	1	0.2	0.2	1	0.6551"
0.2	0.4	9	2	0.6898	https://string-db.org/api/tsv-no-header/ppi_enrichment	"10	1	0.2	0.2	1	0.6898"
0.2	0.4	9	3	4.02e-06	https://string-db.org/api/tsv-no-header/ppi_enrichment	"10	11	2.2	0.56	2	4.02e-06"
0.2	0.4	9	4	0.006	https://string-db.org/api/tsv-no-header/ppi_enrichment	"10	5	1.0	0.5	1	0.006"
0.2	0.4	9	5	0.0994	https://string-db.org/api/tsv-no-header/ppi_enrichment	"9	3	0.67	0.333	1	0.0994"
0.2	0.4	9	6	0.0703	https://string-db.org/api/tsv-no-header/ppi_enrichment	"9	3	0.67	0.333	1	0.0703"
0.2	0.4	9	7	0.00088	https://string-db.org/api/tsv-no-header/ppi_enrichment	"10	6	1.2	0.4	1	0.00088"
0.2	0.4	9	8	0.6434	https://string-db.org/api/tsv-no-header/ppi_enrichment	"9	1	0.22	0.222	1	0.6434"
0.2	0.4	9	9	0.6337	https://string-db.org/api/tsv-no-header/ppi_enrichment	"10	3	0.6	0.2	3	0.6337"
0.2	0.4	9	10	0.3096	https://string-db.org/api/tsv-no-header/ppi_enrichment	"10	3	0.6	0.3	2	0.3096"
0.2	0.4	10	1	0.0027	https://string-db.org/api/tsv-no-header/ppi_enrichment	"10	11	2.2	0.6	4	0.0027"
0.2	0.4	10	2	0.0095	https://string-db.org/api/tsv-no-header/ppi_enrichment	"10	5	1.0	0.4	1	0.0095"
0.2	0.4	10	3	1.0	https://string-db.org/api/tsv-no-header/ppi_enrichment	"10	0	0.0	0.0	1	1.0"
0.2	0.4	10	4	0.0692	https://string-db.org/api/tsv-no-header/ppi_enrichment	"10	4	0.8	0.4	2	0.0692"
0.2	0.4	10	5	0.0435	https://string-db.org/api/tsv-no-header/ppi_enrichment	"10	4	0.8	0.5	1	0.0435"
0.2	0.4	10	6	0.473	https://string-db.org/api/tsv-no-header/ppi_enrichment	"9	1	0.22	0.222	1	0.473"
0.2	0.4	10	7	0.0488	https://string-db.org/api/tsv-no-header/ppi_enrichment	"10	4	0.8	0.5	1	0.0488"
0.2	0.4	10	8	0.0016	https://string-db.org/api/tsv-no-header/ppi_enrichment	"10	9	1.8	0.45	3	0.0016"
0.2	0.4	10	9	0.1061	https://string-db.org/api/tsv-no-header/ppi_enrichment	"10	4	0.8	0.5	2	0.1061"
0.2	0.4	10	10	0.2072	https://string-db.org/api/tsv-no-header/ppi_enrichment	"10	3	0.6	0.3	2	0.2072"
0.4	0.6	1	1	0.0063	https://string-db.org/api/tsv-no-header/ppi_enrichment	"9	5	1.11	0.463	1	0.0063"
0.4	0.6	1	2	0.0011	https://string-db.org/api/tsv-no-header/ppi_enrichment	"9	10	2.22	0.6	3	0.0011"
0.4	0.6	1	3	0.1842	https://string-db.org/api/tsv-no-header/ppi_enrichment	"8	2	0.5	0.25	1	0.1842"
0.4	0.6	1	4	0.0064	https://string-db.org/api/tsv-no-header/ppi_enrichment	"9	6	1.33	0.444	2	0.0064"
0.4	0.6	1	5	0.1082	https://string-db.org/api/tsv-no-header/ppi_enrichment	"8	4	1.0	0.417	2	0.1082"
0.4	0.6	1	6	0.098	https://string-db.org/api/tsv-no-header/ppi_enrichment	"9	3	0.67	0.444	1	0.098"
0.4	0.6	1	7	0.032	https://string-db.org/api/tsv-no-header/ppi_enrichment	"9	4	0.89	0.444	1	0.032"
0.4	0.6	1	8	0.0002	https://string-db.org/api/tsv-no-header/ppi_enrichment	"9	7	1.56	0.519	1	0.0002"
0.4	0.6	1	9	0.0194	https://string-db.org/api/tsv-no-header/ppi_enrichment	"8	4	1.0	0.5	1	0.0194"
0.4	0.6	1	10	0.0333	https://string-db.org/api/tsv-no-header/ppi_enrichment	"9	5	1.11	0.333	2	0.0333"
0.4	0.6	2	1	0.2754	https://string-db.org/api/tsv-no-header/ppi_enrichment	"8	2	0.5	0.5	1	0.2754"
0.4	0.6	2	2	0.0045	https://string-db.org/api/tsv-no-header/ppi_enrichment	"8	7	1.75	0.479	2	0.0045"
0.4	0.6	2	3	0.1235	https://string-db.org/api/tsv-no-header/ppi_enrichment	"10	4	0.8	0.3	2	0.1235"
0.4	0.6	2	4	0.008	https://string-db.org/api/tsv-no-header/ppi_enrichment	"10	5	1.0	0.367	1	0.008"
0.4	0.6	2	5	0.0223	https://string-db.org/api/tsv-no-header/ppi_enrichment	"7	5	1.43	0.429	2	0.0223"
0.4	0.6	2	6	0.3778	https://string-db.org/api/tsv-no-header/ppi_enrichment	"6	1	0.33	0.333	0	0.3778"
0.4	0.6	2	7	0.2016	https://string-db.org/api/tsv-no-header/ppi_enrichment	"10	2	0.4	0.2	1	0.2016"
0.4	0.6	2	8	0.692	https://string-db.org/api/tsv-no-header/ppi_enrichment	"8	1	0.25	0.25	1	0.692"
0.4	0.6	2	9	0.0234	https://string-db.org/api/tsv-no-header/ppi_enrichment	"10	7	1.4	0.51	3	0.0234"
0.4	0.6	2	10	0.0132	https://string-db.org/api/tsv-no-header/ppi_enrichment	"8	5	1.25	0.458	1	0.0132"
0.4	0.6	3	1	0.1734	https://string-db.org/api/tsv-no-header/ppi_enrichment	"8	2	0.5	0.5	1	0.1734"
0.4	0.6	3	2	0.1822	https://string-db.org/api/tsv-no-header/ppi_enrichment	"9	3	0.67	0.222	1	0.1822"
0.4	0.6	3	3	0.4741	https://string-db.org/api/tsv-no-header/ppi_enrichment	"7	1	0.29	0.286	1	0.4741"
0.4	0.6	3	4	0.1245	https://string-db.org/api/tsv-no-header/ppi_enrichment	"9	3	0.67	0.333	1	0.1245"
0.4	0.6	3	5	0.1293	https://string-db.org/api/tsv-no-header/ppi_enrichment	"9	5	1.11	0.444	3	0.1293"
0.4	0.6	3	6	0.0262	https://string-db.org/api/tsv-no-header/ppi_enrichment	"9	5	1.11	0.556	2	0.0262"
0.4	0.6	3	7	0.2704	https://string-db.org/api/tsv-no-header/ppi_enrichment	"9	3	0.67	0.444	2	0.2704"
0.4	0.6	3	8	0.0022	https://string-db.org/api/tsv-no-header/ppi_enrichment	"8	5	1.25	0.458	1	0.0022"
0.4	0.6	3	9	0.0869	https://string-db.org/api/tsv-no-header/ppi_enrichment	"9	4	0.89	0.444	2	0.0869"
0.4	0.6	3	10	0.0613	https://string-db.org/api/tsv-no-header/ppi_enrichment	"8	3	0.75	0.375	1	0.0613"
0.4	0.6	4	1	0.4044	https://string-db.org/api/tsv-no-header/ppi_enrichment	"8	1	0.25	0.25	1	0.4044"
0.4	0.6	4	2	0.0142	https://string-db.org/api/tsv-no-header/ppi_enrichment	"7	4	1.14	0.286	1	0.0142"
0.4	0.6	4	3	0.005	https://string-db.org/api/tsv-no-header/ppi_enrichment	"10	9	1.8	0.483	3	0.005"
0.4	0.6	4	4	0.1213	https://string-db.org/api/tsv-no-header/ppi_enrichment	"8	3	0.75	0.5	1	0.1213"
0.4	0.6	4	5	0.0013	https://string-db.org/api/tsv-no-header/ppi_enrichment	"9	5	1.11	0.407	1	0.0013"
0.4	0.6	4	6	0.4094	https://string-db.org/api/tsv-no-header/ppi_enrichment	"8	1	0.25	0.25	1	0.4094"
0.4	0.6	4	7	0.0183	https://string-db.org/api/tsv-no-header/ppi_enrichment	"9	4	0.89	0.667	1	0.0183"
0.4	0.6	4	8	0.2563	https://string-db.org/api/tsv-no-header/ppi_enrichment	"8	2	0.5	0.5	1	0.2563"
0.4	0.6	4	9	0.00012	https://string-db.org/api/tsv-no-header/ppi_enrichment	"10	9	1.8	0.53	2	0.00012"
0.4	0.6	4	10	0.3198	https://string-db.org/api/tsv-no-header/ppi_enrichment	"10	2	0.4	0.4	1	0.3198"
0.4	0.6	5	1	0.0763	https://string-db.org/api/tsv-no-header/ppi_enrichment	"10	3	0.6	0.3	1	0.0763"
0.4	0.6	5	2	1.0	https://string-db.org/api/tsv-no-header/ppi_enrichment	"8	0	0.0	0.0	1	1.0"
0.4	0.6	5	3	0.0041	https://string-db.org/api/tsv-no-header/ppi_enrichment	"9	7	1.56	0.481	2	0.0041"
0.4	0.6	5	4	0.1603	https://string-db.org/api/tsv-no-header/ppi_enrichment	"8	3	0.75	0.25	1	0.1603"
0.4	0.6	5	5	0.1127	https://string-db.org/api/tsv-no-header/ppi_enrichment	"9	2	0.44	0.444	1	0.1127"
0.4	0.6	5	6	5.68e-06	https://string-db.org/api/tsv-no-header/ppi_enrichment	"9	13	2.89	0.6	3	5.68e-06"
0.4	0.6	5	7	0.3222	https://string-db.org/api/tsv-no-header/ppi_enrichment	"9	2	0.44	0.444	1	0.3222"
0.4	0.6	5	8	0.0113	https://string-db.org/api/tsv-no-header/ppi_enrichment	"10	5	1.0	0.5	1	0.0113"
0.4	0.6	5	9	0.00025	https://string-db.org/api/tsv-no-header/ppi_enrichment	"9	8	1.78	0.5	2	0.00025"
0.4	0.6	5	10	0.1262	https://string-db.org/api/tsv-no-header/ppi_enrichment	"8	3	0.75	0.5	1	0.1262"
0.4	0.6	6	1	1.22e-05	https://string-db.org/api/tsv-no-header/ppi_enrichment	"8	11	2.75	0.629	2	1.22e-05"
0.4	0.6	6	2	0.0005	https://string-db.org/api/tsv-no-header/ppi_enrichment	"9	7	1.56	0.481	1	0.0005"
0.4	0.6	6	3	0.0125	https://string-db.org/api/tsv-no-header/ppi_enrichment	"9	6	1.33	0.685	2	0.0125"
0.4	0.6	6	4	0.4053	https://string-db.org/api/tsv-no-header/ppi_enrichment	"8	2	0.5	0.25	1	0.4053"
0.4	0.6	6	5	0.2579	https://string-db.org/api/tsv-no-header/ppi_enrichment	"6	1	0.33	0.333	0	0.2579"
0.4	0.6	6	6	0.1662	https://string-db.org/api/tsv-no-header/ppi_enrichment	"8	3	0.75	0.375	1	0.1662"
0.4	0.6	6	7	0.00018	https://string-db.org/api/tsv-no-header/ppi_enrichment	"9	9	2.0	0.644	2	0.00018"
0.4	0.6	6	8	0.2024	https://string-db.org/api/tsv-no-header/ppi_enrichment	"9	3	0.67	0.444	2	0.2024"
0.4	0.6	6	9	0.1478	https://string-db.org/api/tsv-no-header/ppi_enrichment	"7	2	0.57	0.286	1	0.1478"
0.4	0.6	6	10	0.00065	https://string-db.org/api/tsv-no-header/ppi_enrichment	"9	6	1.33	0.333	1	0.00065"
0.4	0.6	7	1	0.2151	https://string-db.org/api/tsv-no-header/ppi_enrichment	"10	4	0.8	0.333	2	0.2151"
0.4	0.6	7	2	8.59e-07	https://string-db.org/api/tsv-no-header/ppi_enrichment	"8	13	3.25	0.637	2	8.59e-07"
0.4	0.6	7	3	0.0074	https://string-db.org/api/tsv-no-header/ppi_enrichment	"8	3	0.75	0.375	0	0.0074"
0.4	0.6	7	4	0.00061	https://string-db.org/api/tsv-no-header/ppi_enrichment	"10	10	2.0	0.593	3	0.00061"
0.4	0.6	7	5	0.0872	https://string-db.org/api/tsv-no-header/ppi_enrichment	"8	3	0.75	0.5	1	0.0872"
0.4	0.6	7	6	0.2626	https://string-db.org/api/tsv-no-header/ppi_enrichment	"9	2	0.44	0.444	1	0.2626"
0.4	0.6	7	7	0.0797	https://string-db.org/api/tsv-no-header/ppi_enrichment	"9	4	0.89	0.667	2	0.0797"
0.4	0.6	7	8	0.0073	https://string-db.org/api/tsv-no-header/ppi_enrichment	"10	7	1.4	0.4	2	0.0073"
0.4	0.6	7	9	0.0212	https://string-db.org/api/tsv-no-header/ppi_enrichment	"8	4	1.0	0.417	1	0.0212"
0.4	0.6	7	10	0.3443	https://string-db.org/api/tsv-no-header/ppi_enrichment	"8	2	0.5	0.25	1	0.3443"
0.4	0.6	8	1	0.4442	https://string-db.org/api/tsv-no-header/ppi_enrichment	"9	1	0.22	0.222	1	0.4442"
0.4	0.6	8	2	0.0028	https://string-db.org/api/tsv-no-header/ppi_enrichment	"9	8	1.78	0.5	2	0.0028"
0.4	0.6	8	3	0.0034	https://string-db.org/api/tsv-no-header/ppi_enrichment	"9	7	1.56	0.481	2	0.0034"
0.4	0.6	8	4	0.0198	https://string-db.org/api/tsv-no-header/ppi_enrichment	"8	4	1.0	0.25	1	0.0198"
0.4	0.6	8	5	1.0	https://string-db.org/api/tsv-no-header/ppi_enrichment	"9	0	0.0	0.0	1	1.0"
0.4	0.6	8	6	0.2476	https://string-db.org/api/tsv-no-header/ppi_enrichment	"10	3	0.6	0.4	2	0.2476"
0.4	0.6	8	7	0.5187	https://string-db.org/api/tsv-no-header/ppi_enrichment	"8	1	0.25	0.25	1	0.5187"
0.4	0.6	8	8	0.0111	https://string-db.org/api/tsv-no-header/ppi_enrichment	"9	6	1.33	0.481	2	0.0111"
0.4	0.6	8	9	0.005	https://string-db.org/api/tsv-no-header/ppi_enrichment	"9	5	1.11	0.37	1	0.005"
0.4	0.6	8	10	0.2302	https://string-db.org/api/tsv-no-header/ppi_enrichment	"9	2	0.44	0.444	1	0.2302"
0.4	0.6	9	1	0.3514	https://string-db.org/api/tsv-no-header/ppi_enrichment	"8	3	0.75	0.75	2	0.3514"
0.4	0.6	9	2	0.0322	https://string-db.org/api/tsv-no-header/ppi_enrichment	"9	7	1.56	0.444	3	0.0322"
0.4	0.6	9	3	0.1	https://string-db.org/api/tsv-no-header/ppi_enrichment	"9	3	0.67	0.333	1	0.1"
0.4	0.6	9	4	6.31e-05	https://string-db.org/api/tsv-no-header/ppi_enrichment	"9	11	2.44	0.622	2	6.31e-05"
0.4	0.6	9	5	0.0163	https://string-db.org/api/tsv-no-header/ppi_enrichment	"10	5	1.0	0.5	1	0.0163"
0.4	0.6	9	6	0.1214	https://string-db.org/api/tsv-no-header/ppi_enrichment	"7	3	0.86	0.429	1	0.1214"
0.4	0.6	9	7	0.1209	https://string-db.org/api/tsv-no-header/ppi_enrichment	"10	4	0.8	0.333	2	0.1209"
0.4	0.6	9	8	1.0	https://string-db.org/api/tsv-no-header/ppi_enrichment	"9	0	0.0	0.0	1	1.0"
0.4	0.6	9	9	0.0067	https://string-db.org/api/tsv-no-header/ppi_enrichment	"7	3	0.86	0.286	0	0.0067"
0.4	0.6	9	10	0.3075	https://string-db.org/api/tsv-no-header/ppi_enrichment	"10	2	0.4	0.2	1	0.3075"
0.4	0.6	10	1	0.0014	https://string-db.org/api/tsv-no-header/ppi_enrichment	"9	8	1.78	0.333	2	0.0014"
0.4	0.6	10	2	0.00069	https://string-db.org/api/tsv-no-header/ppi_enrichment	"8	5	1.25	0.625	1	0.00069"
0.4	0.6	10	3	0.0431	https://string-db.org/api/tsv-no-header/ppi_enrichment	"9	3	0.67	0.333	1	0.0431"
0.4	0.6	10	4	0.2582	https://string-db.org/api/tsv-no-header/ppi_enrichment	"8	2	0.5	0.5	1	0.2582"
0.4	0.6	10	5	0.00072	https://string-db.org/api/tsv-no-header/ppi_enrichment	"10	7	1.4	0.45	1	0.00072"
0.4	0.6	10	6	0.1698	https://string-db.org/api/tsv-no-header/ppi_enrichment	"9	3	0.67	0.222	1	0.1698"
0.4	0.6	10	7	0.0818	https://string-db.org/api/tsv-no-header/ppi_enrichment	"7	2	0.57	0.571	0	0.0818"
0.4	0.6	10	8	1.0	https://string-db.org/api/tsv-no-header/ppi_enrichment	"9	0	0.0	0.0	0	1.0"
0.4	0.6	10	9	1.0	https://string-db.org/api/tsv-no-header/ppi_enrichment	"7	0	0.0	0.0	0	1.0"
0.4	0.6	10	10	0.00031	https://string-db.org/api/tsv-no-header/ppi_enrichment	"8	7	1.75	0.792	1	0.00031"
0.6	0.8	1	1	0.0133	https://string-db.org/api/tsv-no-header/ppi_enrichment	"9	3	0.67	0.222	0	0.0133"
0.6	0.8	1	2	0.00011	https://string-db.org/api/tsv-no-header/ppi_enrichment	"9	8	1.78	0.5	1	0.00011"
0.6	0.8	1	3	0.0073	https://string-db.org/api/tsv-no-header/ppi_enrichment	"9	4	0.89	0.37	1	0.0073"
0.6	0.8	1	4	0.2918	https://string-db.org/api/tsv-no-header/ppi_enrichment	"8	1	0.25	0.25	0	0.2918"
0.6	0.8	1	5	0.0003	https://string-db.org/api/tsv-no-header/ppi_enrichment	"10	6	1.2	0.367	1	0.0003"
0.6	0.8	1	6	0.2071	https://string-db.org/api/tsv-no-header/ppi_enrichment	"7	1	0.29	0.286	0	0.2071"
0.6	0.8	1	7	0.0163	https://string-db.org/api/tsv-no-header/ppi_enrichment	"9	3	0.67	0.222	1	0.0163"
0.6	0.8	1	8	1.0	https://string-db.org/api/tsv-no-header/ppi_enrichment	"7	0	0.0	0.0	0	1.0"
0.6	0.8	1	9	0.0424	https://string-db.org/api/tsv-no-header/ppi_enrichment	"8	3	0.75	0.375	1	0.0424"
0.6	0.8	1	10	0.0089	https://string-db.org/api/tsv-no-header/ppi_enrichment	"7	4	1.14	0.476	1	0.0089"
0.6	0.8	2	1	1.0	https://string-db.org/api/tsv-no-header/ppi_enrichment	"6	0	0.0	0.0	0	1.0"
0.6	0.8	2	2	0.0392	https://string-db.org/api/tsv-no-header/ppi_enrichment	"9	3	0.67	0.333	1	0.0392"
0.6	0.8	2	3	1.0	https://string-db.org/api/tsv-no-header/ppi_enrichment	"8	0	0.0	0.0	0	1.0"
0.6	0.8	2	4	0.3826	https://string-db.org/api/tsv-no-header/ppi_enrichment	"7	1	0.29	0.286	0	0.3826"
0.6	0.8	2	5	0.0495	https://string-db.org/api/tsv-no-header/ppi_enrichment	"8	3	0.75	0.375	1	0.0495"
0.6	0.8	2	6	1.0	https://string-db.org/api/tsv-no-header/ppi_enrichment	"8	0	0.0	0.0	0	1.0"
0.6	0.8	2	7	0.1265	https://string-db.org/api/tsv-no-header/ppi_enrichment	"6	1	0.33	0.333	0	0.1265"
0.6	0.8	2	8	0.504	https://string-db.org/api/tsv-no-header/ppi_enrichment	"8	1	0.25	0.25	1	0.504"
0.6	0.8	2	9	0.1735	https://string-db.org/api/tsv-no-header/ppi_enrichment	"6	1	0.33	0.333	0	0.1735"
0.6	0.8	2	10	0.0472	https://string-db.org/api/tsv-no-header/ppi_enrichment	"7	3	0.86	0.286	1	0.0472"
0.6	0.8	3	1	0.003	https://string-db.org/api/tsv-no-header/ppi_enrichment	"9	4	0.89	0.37	1	0.003"
0.6	0.8	3	2	0.0459	https://string-db.org/api/tsv-no-header/ppi_enrichment	"7	2	0.57	0.286	0	0.0459"
0.6	0.8	3	3	0.00058	https://string-db.org/api/tsv-no-header/ppi_enrichment	"6	4	1.33	0.333	0	0.00058"
0.6	0.8	3	4	0.0584	https://string-db.org/api/tsv-no-header/ppi_enrichment	"7	3	0.86	0.286	1	0.0584"
0.6	0.8	3	5	0.062	https://string-db.org/api/tsv-no-header/ppi_enrichment	"7	2	0.57	0.286	0	0.062"
0.6	0.8	3	6	0.0195	https://string-db.org/api/tsv-no-header/ppi_enrichment	"10	4	0.8	0.333	1	0.0195"
0.6	0.8	3	7	0.0359	https://string-db.org/api/tsv-no-header/ppi_enrichment	"8	2	0.5	0.25	0	0.0359"
0.6	0.8	3	8	1.0	https://string-db.org/api/tsv-no-header/ppi_enrichment	"6	0	0.0	0.0	0	1.0"
0.6	0.8	3	9	0.0054	https://string-db.org/api/tsv-no-header/ppi_enrichment	"8	4	1.0	0.417	1	0.0054"
0.6	0.8	3	10	0.0038	https://string-db.org/api/tsv-no-header/ppi_enrichment	"7	3	0.86	0.429	0	0.0038"
0.6	0.8	4	1	0.0251	https://string-db.org/api/tsv-no-header/ppi_enrichment	"10	4	0.8	0.333	1	0.0251"
0.6	0.8	4	2	0.4881	https://string-db.org/api/tsv-no-header/ppi_enrichment	"8	1	0.25	0.25	1	0.4881"
0.6	0.8	4	3	0.0019	https://string-db.org/api/tsv-no-header/ppi_enrichment	"8	4	1.0	0.25	1	0.0019"
0.6	0.8	4	4	0.00019	https://string-db.org/api/tsv-no-header/ppi_enrichment	"7	6	1.71	0.524	1	0.00019"
0.6	0.8	4	5	0.2558	https://string-db.org/api/tsv-no-header/ppi_enrichment	"7	1	0.29	0.286	0	0.2558"
0.6	0.8	4	6	0.0516	https://string-db.org/api/tsv-no-header/ppi_enrichment	"7	2	0.57	0.286	0	0.0516"
0.6	0.8	4	7	0.0484	https://string-db.org/api/tsv-no-header/ppi_enrichment	"7	2	0.57	0.286	0	0.0484"
0.6	0.8	4	8	0.0847	https://string-db.org/api/tsv-no-header/ppi_enrichment	"9	3	0.67	0.222	1	0.0847"
0.6	0.8	4	9	0.0158	https://string-db.org/api/tsv-no-header/ppi_enrichment	"9	3	0.67	0.222	1	0.0158"
0.6	0.8	4	10	0.0051	https://string-db.org/api/tsv-no-header/ppi_enrichment	"7	3	0.86	0.429	0	0.0051"
0.6	0.8	5	1	0.29	https://string-db.org/api/tsv-no-header/ppi_enrichment	"6	1	0.33	0.333	0	0.29"
0.6	0.8	5	2	0.1457	https://string-db.org/api/tsv-no-header/ppi_enrichment	"7	1	0.29	0.286	0	0.1457"
0.6	0.8	5	3	0.0065	https://string-db.org/api/tsv-no-header/ppi_enrichment	"6	4	1.33	0.556	1	0.0065"
0.6	0.8	5	4	0.1226	https://string-db.org/api/tsv-no-header/ppi_enrichment	"6	1	0.33	0.333	0	0.1226"
0.6	0.8	5	5	0.0416	https://string-db.org/api/tsv-no-header/ppi_enrichment	"7	2	0.57	0.286	0	0.0416"
0.6	0.8	5	6	0.0041	https://string-db.org/api/tsv-no-header/ppi_enrichment	"8	4	1.0	0.417	1	0.0041"
0.6	0.8	5	7	0.0342	https://string-db.org/api/tsv-no-header/ppi_enrichment	"6	2	0.67	0.333	0	0.0342"
0.6	0.8	5	8	0.0095	https://string-db.org/api/tsv-no-header/ppi_enrichment	"9	3	0.67	0.333	0	0.0095"
0.6	0.8	5	9	0.0413	https://string-db.org/api/tsv-no-header/ppi_enrichment	"8	3	0.75	0.25	1	0.0413"
0.6	0.8	5	10	0.0485	https://string-db.org/api/tsv-no-header/ppi_enrichment	"8	3	0.75	0.375	1	0.0485"
0.6	0.8	6	1	0.0035	https://string-db.org/api/tsv-no-header/ppi_enrichment	"8	3	0.75	0.375	0	0.0035"
0.6	0.8	6	2	0.4079	https://string-db.org/api/tsv-no-header/ppi_enrichment	"7	1	0.29	0.286	1	0.4079"
0.6	0.8	6	3	0.0355	https://string-db.org/api/tsv-no-header/ppi_enrichment	"7	3	0.86	0.286	1	0.0355"
0.6	0.8	6	4	0.0657	https://string-db.org/api/tsv-no-header/ppi_enrichment	"9	2	0.44	0.222	0	0.0657"
0.6	0.8	6	5	0.3385	https://string-db.org/api/tsv-no-header/ppi_enrichment	"6	1	0.33	0.333	0	0.3385"
0.6	0.8	6	6	5.79e-06	https://string-db.org/api/tsv-no-header/ppi_enrichment	"9	9	2.0	0.481	1	5.79e-06"
0.6	0.8	6	7	5.57e-05	https://string-db.org/api/tsv-no-header/ppi_enrichment	"8	8	2.0	0.562	1	5.57e-05"
0.6	0.8	6	8	0.5136	https://string-db.org/api/tsv-no-header/ppi_enrichment	"9	1	0.22	0.222	1	0.5136"
0.6	0.8	6	9	0.0379	https://string-db.org/api/tsv-no-header/ppi_enrichment	"9	3	0.67	0.333	1	0.0379"
0.6	0.8	6	10	0.00078	https://string-db.org/api/tsv-no-header/ppi_enrichment	"5	5	2.0	0.667	1	0.00078"
0.6	0.8	7	1	0.003	https://string-db.org/api/tsv-no-header/ppi_enrichment	"6	4	1.33	0.556	1	0.003"
0.6	0.8	7	2	0.0067	https://string-db.org/api/tsv-no-header/ppi_enrichment	"8	3	0.75	0.375	0	0.0067"
0.6	0.8	7	3	0.0663	https://string-db.org/api/tsv-no-header/ppi_enrichment	"9	2	0.44	0.222	0	0.0663"
0.6	0.8	7	4	0.0291	https://string-db.org/api/tsv-no-header/ppi_enrichment	"8	3	0.75	0.5	1	0.0291"
0.6	0.8	7	5	0.0327	https://string-db.org/api/tsv-no-header/ppi_enrichment	"8	2	0.5	0.25	0	0.0327"
0.6	0.8	7	6	0.00092	https://string-db.org/api/tsv-no-header/ppi_enrichment	"8	6	1.5	0.458	1	0.00092"
0.6	0.8	7	7	0.00037	https://string-db.org/api/tsv-no-header/ppi_enrichment	"10	7	1.4	0.383	1	0.00037"
0.6	0.8	7	8	0.0032	https://string-db.org/api/tsv-no-header/ppi_enrichment	"6	3	1.0	0.333	0	0.0032"
0.6	0.8	7	9	0.00066	https://string-db.org/api/tsv-no-header/ppi_enrichment	"8	6	1.5	0.542	1	0.00066"
0.6	0.8	7	10	0.0721	https://string-db.org/api/tsv-no-header/ppi_enrichment	"8	2	0.5	0.25	0	0.0721"
0.6	0.8	8	1	0.0011	https://string-db.org/api/tsv-no-header/ppi_enrichment	"8	6	1.5	0.458	1	0.0011"
0.6	0.8	8	2	1.0	https://string-db.org/api/tsv-no-header/ppi_enrichment	"7	0	0.0	0.0	0	1.0"
0.6	0.8	8	3	0.0558	https://string-db.org/api/tsv-no-header/ppi_enrichment	"6	2	0.67	0.333	0	0.0558"
0.6	0.8	8	4	0.1874	https://string-db.org/api/tsv-no-header/ppi_enrichment	"8	2	0.5	0.25	1	0.1874"
0.6	0.8	8	5	0.1732	https://string-db.org/api/tsv-no-header/ppi_enrichment	"9	2	0.44	0.444	1	0.1732"
0.6	0.8	8	6	1.0	https://string-db.org/api/tsv-no-header/ppi_enrichment	"7	0	0.0	0.0	0	1.0"
0.6	0.8	8	7	0.0032	https://string-db.org/api/tsv-no-header/ppi_enrichment	"8	5	1.25	0.417	1	0.0032"
0.6	0.8	8	8	0.0007	https://string-db.org/api/tsv-no-header/ppi_enrichment	"8	6	1.5	0.458	1	0.0007"
0.6	0.8	8	9	0.0538	https://string-db.org/api/tsv-no-header/ppi_enrichment	"8	3	0.75	0.375	1	0.0538"
0.6	0.8	8	10	0.2216	https://string-db.org/api/tsv-no-header/ppi_enrichment	"8	1	0.25	0.25	0	0.2216"
0.6	0.8	9	1	0.00011	https://string-db.org/api/tsv-no-header/ppi_enrichment	"7	5	1.43	0.476	0	0.00011"
0.6	0.8	9	2	0.0683	https://string-db.org/api/tsv-no-header/ppi_enrichment	"9	2	0.44	0.222	0	0.0683"
0.6	0.8	9	3	0.004	https://string-db.org/api/tsv-no-header/ppi_enrichment	"9	4	0.89	0.37	1	0.004"
0.6	0.8	9	4	0.034	https://string-db.org/api/tsv-no-header/ppi_enrichment	"7	3	0.86	0.286	1	0.034"
0.6	0.8	9	5	0.3215	https://string-db.org/api/tsv-no-header/ppi_enrichment	"6	1	0.33	0.333	0	0.3215"
0.6	0.8	9	6	0.0344	https://string-db.org/api/tsv-no-header/ppi_enrichment	"6	3	1.0	0.333	1	0.0344"
0.6	0.8	9	7	0.0021	https://string-db.org/api/tsv-no-header/ppi_enrichment	"7	4	1.14	0.476	1	0.0021"
0.6	0.8	9	8	0.0116	https://string-db.org/api/tsv-no-header/ppi_enrichment	"8	3	0.75	0.375	0	0.0116"
0.6	0.8	9	9	0.0936	https://string-db.org/api/tsv-no-header/ppi_enrichment	"9	2	0.44	0.222	1	0.0936"
0.6	0.8	9	10	0.0013	https://string-db.org/api/tsv-no-header/ppi_enrichment	"9	6	1.33	0.481	1	0.0013"
0.6	0.8	10	1	0.0487	https://string-db.org/api/tsv-no-header/ppi_enrichment	"7	2	0.57	0.286	0	0.0487"
0.6	0.8	10	2	1.0	https://string-db.org/api/tsv-no-header/ppi_enrichment	"7	0	0.0	0.0	0	1.0"
0.6	0.8	10	3	0.2466	https://string-db.org/api/tsv-no-header/ppi_enrichment	"7	1	0.29	0.286	0	0.2466"
0.6	0.8	10	4	0.0028	https://string-db.org/api/tsv-no-header/ppi_enrichment	"9	4	0.89	0.37	1	0.0028"
0.6	0.8	10	5	0.00066	https://string-db.org/api/tsv-no-header/ppi_enrichment	"7	5	1.43	0.524	1	0.00066"
0.6	0.8	10	6	0.0297	https://string-db.org/api/tsv-no-header/ppi_enrichment	"6	2	0.67	0.333	0	0.0297"
0.6	0.8	10	7	0.1289	https://string-db.org/api/tsv-no-header/ppi_enrichment	"8	2	0.5	0.25	1	0.1289"
0.6	0.8	10	8	0.0537	https://string-db.org/api/tsv-no-header/ppi_enrichment	"7	3	0.86	0.286	1	0.0537"
0.6	0.8	10	9	0.049	https://string-db.org/api/tsv-no-header/ppi_enrichment	"7	2	0.57	0.286	0	0.049"
0.6	0.8	10	10	1.0	https://string-db.org/api/tsv-no-header/ppi_enrichment	"7	0	0.0	0.0	0	1.0"
0.8	1	1	1	1.62e-05	https://string-db.org/api/tsv-no-header/ppi_enrichment	"10	10	2.0	0.583	2	1.62e-05"
0.8	1	1	2	0.00032	https://string-db.org/api/tsv-no-header/ppi_enrichment	"10	12	2.4	0.537	4	0.00032"
0.8	1	1	3	4.1e-09	https://string-db.org/api/tsv-no-header/ppi_enrichment	"10	10	2.0	0.54	1	4.1e-09"
0.8	1	1	4	0.001	https://string-db.org/api/tsv-no-header/ppi_enrichment	"10	8	1.6	0.2	2	0.001"
0.8	1	1	5	0.00076	https://string-db.org/api/tsv-no-header/ppi_enrichment	"10	6	1.2	0.567	1	0.00076"
0.8	1	1	6	0.0104	https://string-db.org/api/tsv-no-header/ppi_enrichment	"10	5	1.0	0.3	1	0.0104"
0.8	1	1	7	0.0255	https://string-db.org/api/tsv-no-header/ppi_enrichment	"10	5	1.0	0.7	2	0.0255"
0.8	1	1	8	0.1189	https://string-db.org/api/tsv-no-header/ppi_enrichment	"9	2	0.44	0.222	1	0.1189"
0.8	1	1	9	2.85e-05	https://string-db.org/api/tsv-no-header/ppi_enrichment	"9	10	2.22	0.722	2	2.85e-05"
0.8	1	1	10	3.58e-11	https://string-db.org/api/tsv-no-header/ppi_enrichment	"9	14	3.11	0.696	1	3.58e-11"
0.8	1	2	1	0.0309	https://string-db.org/api/tsv-no-header/ppi_enrichment	"9	4	0.89	0.444	1	0.0309"
0.8	1	2	2	7.11e-05	https://string-db.org/api/tsv-no-header/ppi_enrichment	"8	5	1.25	0.458	0	7.11e-05"
0.8	1	2	3	0.0078	https://string-db.org/api/tsv-no-header/ppi_enrichment	"10	6	1.2	0.367	2	0.0078"
0.8	1	2	4	0.001	https://string-db.org/api/tsv-no-header/ppi_enrichment	"9	8	1.78	0.704	2	0.001"
0.8	1	2	5	0.00037	https://string-db.org/api/tsv-no-header/ppi_enrichment	"9	5	1.11	0.593	1	0.00037"
0.8	1	2	6	3.39e-05	https://string-db.org/api/tsv-no-header/ppi_enrichment	"9	8	1.78	0.789	1	3.39e-05"
0.8	1	2	7	0.00095	https://string-db.org/api/tsv-no-header/ppi_enrichment	"9	7	1.56	0.63	1	0.00095"
0.8	1	2	8	0.0016	https://string-db.org/api/tsv-no-header/ppi_enrichment	"10	6	1.2	0.5	1	0.0016"
0.8	1	2	9	8.62e-09	https://string-db.org/api/tsv-no-header/ppi_enrichment	"9	14	3.11	0.674	2	8.62e-09"
0.8	1	2	10	0.00022	https://string-db.org/api/tsv-no-header/ppi_enrichment	"10	10	2.0	0.58	2	0.00022"
0.8	1	3	1	0.00024	https://string-db.org/api/tsv-no-header/ppi_enrichment	"9	7	1.56	0.5	1	0.00024"
0.8	1	3	2	0.142	https://string-db.org/api/tsv-no-header/ppi_enrichment	"10	2	0.4	0.4	1	0.142"
0.8	1	3	3	2.37e-08	https://string-db.org/api/tsv-no-header/ppi_enrichment	"9	13	2.89	0.656	2	2.37e-08"
0.8	1	3	4	5.48e-08	https://string-db.org/api/tsv-no-header/ppi_enrichment	"9	14	3.11	0.667	2	5.48e-08"
0.8	1	3	5	0.0017	https://string-db.org/api/tsv-no-header/ppi_enrichment	"9	5	1.11	0.444	1	0.0017"
0.8	1	3	6	4.29e-06	https://string-db.org/api/tsv-no-header/ppi_enrichment	"9	9	2.0	0.589	1	4.29e-06"
0.8	1	3	7	1.61e-11	https://string-db.org/api/tsv-no-header/ppi_enrichment	"10	16	3.2	0.57	2	1.61e-11"
0.8	1	3	8	5.46e-05	https://string-db.org/api/tsv-no-header/ppi_enrichment	"9	7	1.56	0.444	1	5.46e-05"
0.8	1	3	9	8.74e-10	https://string-db.org/api/tsv-no-header/ppi_enrichment	"10	16	3.2	0.567	2	8.74e-10"
0.8	1	3	10	0.0258	https://string-db.org/api/tsv-no-header/ppi_enrichment	"10	4	0.8	0.5	1	0.0258"
0.8	1	4	1	0.00012	https://string-db.org/api/tsv-no-header/ppi_enrichment	"10	7	1.4	0.533	1	0.00012"
0.8	1	4	2	0.0011	https://string-db.org/api/tsv-no-header/ppi_enrichment	"10	6	1.2	0.433	1	0.0011"
0.8	1	4	3	0.5507	https://string-db.org/api/tsv-no-header/ppi_enrichment	"9	1	0.22	0.222	1	0.5507"
0.8	1	4	4	9.74e-06	https://string-db.org/api/tsv-no-header/ppi_enrichment	"9	10	2.22	0.822	2	9.74e-06"
0.8	1	4	5	0.00045	https://string-db.org/api/tsv-no-header/ppi_enrichment	"10	7	1.4	0.567	1	0.00045"
0.8	1	4	6	0.00012	https://string-db.org/api/tsv-no-header/ppi_enrichment	"10	6	1.2	0.7	1	0.00012"
0.8	1	4	7	4.45e-07	https://string-db.org/api/tsv-no-header/ppi_enrichment	"9	8	1.78	0.796	1	4.45e-07"
0.8	1	4	8	1.78e-15	https://string-db.org/api/tsv-no-header/ppi_enrichment	"10	20	4.0	0.695	2	1.78e-15"
0.8	1	4	9	0.0051	https://string-db.org/api/tsv-no-header/ppi_enrichment	"10	4	0.8	0.4	1	0.0051"
0.8	1	4	10	3.59e-05	https://string-db.org/api/tsv-no-header/ppi_enrichment	"9	11	2.44	0.556	2	3.59e-05"
0.8	1	5	1	0.0033	https://string-db.org/api/tsv-no-header/ppi_enrichment	"9	4	0.89	0.333	1	0.0033"
0.8	1	5	2	0.2145	https://string-db.org/api/tsv-no-header/ppi_enrichment	"9	2	0.44	0.444	1	0.2145"
0.8	1	5	3	3.82e-06	https://string-db.org/api/tsv-no-header/ppi_enrichment	"10	12	2.4	0.6	2	3.82e-06"
0.8	1	5	4	9.47e-06	https://string-db.org/api/tsv-no-header/ppi_enrichment	"9	9	2.0	0.589	1	9.47e-06"
0.8	1	5	5	4.56e-05	https://string-db.org/api/tsv-no-header/ppi_enrichment	"10	7	1.4	0.567	1	4.56e-05"
0.8	1	5	6	0.00063	https://string-db.org/api/tsv-no-header/ppi_enrichment	"9	6	1.33	0.556	1	0.00063"
0.8	1	5	7	0.0017	https://string-db.org/api/tsv-no-header/ppi_enrichment	"8	4	1.0	0.5	0	0.0017"
0.8	1	5	8	0.0042	https://string-db.org/api/tsv-no-header/ppi_enrichment	"10	5	1.0	0.4	1	0.0042"
0.8	1	5	9	0.00013	https://string-db.org/api/tsv-no-header/ppi_enrichment	"10	8	1.6	0.6	1	0.00013"
0.8	1	5	10	4.28e-06	https://string-db.org/api/tsv-no-header/ppi_enrichment	"10	11	2.2	0.733	2	4.28e-06"
0.8	1	6	1	0.063	https://string-db.org/api/tsv-no-header/ppi_enrichment	"9	2	0.44	0.222	0	0.063"
0.8	1	6	2	0.0002	https://string-db.org/api/tsv-no-header/ppi_enrichment	"9	7	1.56	0.407	1	0.0002"
0.8	1	6	3	7.43e-06	https://string-db.org/api/tsv-no-header/ppi_enrichment	"10	13	2.6	0.6	3	7.43e-06"
0.8	1	6	4	6.61e-10	https://string-db.org/api/tsv-no-header/ppi_enrichment	"10	17	3.4	0.529	2	6.61e-10"
0.8	1	6	5	0.00054	https://string-db.org/api/tsv-no-header/ppi_enrichment	"10	10	2.0	0.483	3	0.00054"
0.8	1	6	6	1.34e-12	https://string-db.org/api/tsv-no-header/ppi_enrichment	"10	18	3.6	0.76	2	1.34e-12"
0.8	1	6	7	0.00072	https://string-db.org/api/tsv-no-header/ppi_enrichment	"9	6	1.33	0.444	1	0.00072"
0.8	1	6	8	3.27e-09	https://string-db.org/api/tsv-no-header/ppi_enrichment	"9	16	3.56	1.0	2	3.27e-09"
0.8	1	6	9	1.76e-05	https://string-db.org/api/tsv-no-header/ppi_enrichment	"10	8	1.6	0.667	1	1.76e-05"
0.8	1	6	10	0.0122	https://string-db.org/api/tsv-no-header/ppi_enrichment	"9	3	0.67	0.444	0	0.0122"
0.8	1	7	1	3.4e-09	https://string-db.org/api/tsv-no-header/ppi_enrichment	"10	12	2.4	0.683	1	3.4e-09"
0.8	1	7	2	2.35e-07	https://string-db.org/api/tsv-no-header/ppi_enrichment	"10	12	2.4	0.6	2	2.35e-07"
0.8	1	7	3	0.1531	https://string-db.org/api/tsv-no-header/ppi_enrichment	"10	2	0.4	0.4	1	0.1531"
0.8	1	7	4	0.0103	https://string-db.org/api/tsv-no-header/ppi_enrichment	"9	4	0.89	0.556	1	0.0103"
0.8	1	7	5	9.49e-08	https://string-db.org/api/tsv-no-header/ppi_enrichment	"10	12	2.4	0.633	2	9.49e-08"
0.8	1	7	6	0.0002	https://string-db.org/api/tsv-no-header/ppi_enrichment	"10	9	1.8	0.65	2	0.0002"
0.8	1	7	7	4.29e-08	https://string-db.org/api/tsv-no-header/ppi_enrichment	"10	9	1.8	0.54	1	4.29e-08"
0.8	1	7	8	1.49e-05	https://string-db.org/api/tsv-no-header/ppi_enrichment	"8	8	2.0	0.6	1	1.49e-05"
0.8	1	7	9	1.56e-05	https://string-db.org/api/tsv-no-header/ppi_enrichment	"9	9	2.0	0.296	1	1.56e-05"
0.8	1	7	10	1.25e-06	https://string-db.org/api/tsv-no-header/ppi_enrichment	"9	10	2.22	0.296	1	1.25e-06"
0.8	1	8	1	0.00012	https://string-db.org/api/tsv-no-header/ppi_enrichment	"9	6	1.33	0.593	1	0.00012"
0.8	1	8	2	4.65e-12	https://string-db.org/api/tsv-no-header/ppi_enrichment	"8	15	3.75	0.708	1	4.65e-12"
0.8	1	8	3	0.00011	https://string-db.org/api/tsv-no-header/ppi_enrichment	"9	6	1.33	0.444	1	0.00011"
0.8	1	8	4	3.5e-08	https://string-db.org/api/tsv-no-header/ppi_enrichment	"9	13	2.89	0.656	2	3.5e-08"
0.8	1	8	5	4.01e-05	https://string-db.org/api/tsv-no-header/ppi_enrichment	"10	9	1.8	0.4	2	4.01e-05"
0.8	1	8	6	0.001	https://string-db.org/api/tsv-no-header/ppi_enrichment	"9	6	1.33	0.556	1	0.001"
0.8	1	8	7	0.00027	https://string-db.org/api/tsv-no-header/ppi_enrichment	"9	7	1.56	0.407	1	0.00027"
0.8	1	8	8	2.53e-06	https://string-db.org/api/tsv-no-header/ppi_enrichment	"10	8	1.6	0.51	1	2.53e-06"
0.8	1	8	9	0.0021	https://string-db.org/api/tsv-no-header/ppi_enrichment	"10	5	1.0	0.533	1	0.0021"
0.8	1	8	10	9.63e-05	https://string-db.org/api/tsv-no-header/ppi_enrichment	"9	8	1.78	0.463	1	9.63e-05"
0.8	1	9	1	1.46e-08	https://string-db.org/api/tsv-no-header/ppi_enrichment	"8	11	2.75	0.708	1	1.46e-08"
0.8	1	9	2	0.003	https://string-db.org/api/tsv-no-header/ppi_enrichment	"8	5	1.25	0.417	1	0.003"
0.8	1	9	3	1.02e-06	https://string-db.org/api/tsv-no-header/ppi_enrichment	"10	9	1.8	0.5	1	1.02e-06"
0.8	1	9	4	6.97e-09	https://string-db.org/api/tsv-no-header/ppi_enrichment	"10	15	3.0	0.647	2	6.97e-09"
0.8	1	9	5	3.74e-07	https://string-db.org/api/tsv-no-header/ppi_enrichment	"10	8	1.6	0.533	1	3.74e-07"
0.8	1	9	6	1.64e-06	https://string-db.org/api/tsv-no-header/ppi_enrichment	"10	11	2.2	0.503	2	1.64e-06"
0.8	1	9	7	5.01e-05	https://string-db.org/api/tsv-no-header/ppi_enrichment	"10	8	1.6	0.6	1	5.01e-05"
0.8	1	9	8	8.96e-07	https://string-db.org/api/tsv-no-header/ppi_enrichment	"10	12	2.4	0.593	2	8.96e-07"
0.8	1	9	9	3e-07	https://string-db.org/api/tsv-no-header/ppi_enrichment	"9	11	2.44	0.63	1	3e-07"
0.8	1	9	10	0.0021	https://string-db.org/api/tsv-no-header/ppi_enrichment	"10	5	1.0	0.4	1	0.0021"
0.8	1	10	1	0.00017	https://string-db.org/api/tsv-no-header/ppi_enrichment	"8	5	1.25	0.417	0	0.00017"
0.8	1	10	2	1.55e-05	https://string-db.org/api/tsv-no-header/ppi_enrichment	"8	8	2.0	0.625	1	1.55e-05"
0.8	1	10	3	2.8e-12	https://string-db.org/api/tsv-no-header/ppi_enrichment	"9	14	3.11	0.674	1	2.8e-12"
0.8	1	10	4	0.00011	https://string-db.org/api/tsv-no-header/ppi_enrichment	"10	7	1.4	0.367	1	0.00011"
0.8	1	10	5	4.76e-05	https://string-db.org/api/tsv-no-header/ppi_enrichment	"10	8	1.6	0.6	1	4.76e-05"
0.8	1	10	6	0.00023	https://string-db.org/api/tsv-no-header/ppi_enrichment	"8	8	2.0	0.542	2	0.00023"
0.8	1	10	7	0.023	https://string-db.org/api/tsv-no-header/ppi_enrichment	"10	5	1.0	0.533	2	0.023"
0.8	1	10	8	0.00011	https://string-db.org/api/tsv-no-header/ppi_enrichment	"8	5	1.25	0.458	0	0.00011"
0.8	1	10	9	0.1724	https://string-db.org/api/tsv-no-header/ppi_enrichment	"9	2	0.44	0.444	1	0.1724"
0.8	1	10	10	0.1352	https://string-db.org/api/tsv-no-header/ppi_enrichment	"10	3	0.6	0.2	1	0.1352"
