GENE PRODUCT DB	GENE PRODUCT ID	SYMBOL	GO TERM	GO NAME	TAXON ID	GENE_PRODUCT_SYNONYMS	GO ASPECT
UniProtKB	A0A178UD48	AXX17_At5g06230	GO:0005199		3702	AXX17_At5g06230,At5g06630,C24_LOCUS21374	F
UniProtKB	A0A178UM07	AXX17_At5g31360	GO:0005199		3702	AXX17_At5g31360,At5g35190	F
UniProtKB	A0A178UQI1	AXX17_At5g47810	GO:0005199		3702	AXX17_At5g47810	F
UniProtKB	A0A178UR64	AXX17_At5g06240	GO:0005199		3702	AXX17_At5g06240,At5g06640	F
UniProtKB	A0A178UTW4	AXX17_At4g15180	GO:0005199		3702	AXX17_At4g15180,At4g13390	F
UniProtKB	A0A178UWM6	AXX17_At4g09490	GO:0005199		3702	AXX17_At4g09490,At4g08410	F
UniProtKB	A0A178UX85	AXX17_At4g09440	GO:0005199		3702	AXX17_At4g09440	F
UniProtKB	A0A178V3K8	AXX17_At4g09480	GO:0005199		3702	AXX17_At4g09480	F
UniProtKB	A0A178V5P8	AXX17_At4g09470	GO:0005199		3702	AXX17_At4g09470,At4g08410	F
UniProtKB	A0A178V884	AXX17_At3g49080	GO:0005199		3702	AXX17_At3g49080	F
UniProtKB	A0A178VB64	AXX17_At3g49020	GO:0005199		3702	AXX17_At3g49020	F
UniProtKB	A0A178VF75	AXX17_At3g49030	GO:0005199		3702	AXX17_At3g49030,At3g54590	F
UniProtKB	A0A178VG54	AXX17_At3g31200	GO:0005199		3702	AXX17_At3g31200,At3g28550	F
UniProtKB	A0A178VNN8	AXX17_At2g40630	GO:0005199		3702	AXX17_At2g40630	F
UniProtKB	A0A178VTI9	AXX17_At2g40620	GO:0005199		3702	AXX17_At2g40620	F
UniProtKB	A0A178WC59	AXX17_At1g26590	GO:0005199		3702	AXX17_At1g26590	F
UniProtKB	A0A178WCU0	AXX17_At1g26600	GO:0005199		3702	AXX17_At1g26600	F
UniProtKB	A0A178WFW5	AXX17_At1g22350	GO:0005199		3702	AXX17_At1g22350	F
UniProtKB	A0A178WIX9	AXX17_At1g24880	GO:0005199		3702	AXX17_At1g24880	F
UniProtKB	A0A1I9LMW9	HRGP1	GO:0005199		3702	HRGP1,ATHRGP1,At3g54590	F
UniProtKB	A0A1I9LRL7	At3g28550	GO:0005199		3702	At3g28550	F
UniProtKB	A0A1P8AM68	At1g23720	GO:0005199		3702	At1g23720,F5O8.27,F5O8_27	F
UniProtKB	A0A1P8AM70	At1g23720	GO:0005199		3702	At1g23720,F5O8.27,F5O8_27	F
UniProtKB	A0A1P8AM97	At1g23720	GO:0005199		3702	At1g23720,F5O8.27,F5O8_27	F
UniProtKB	A0A1P8AWH8	XYN1	GO:0009505		3702	XYN1,RXF12,At1g58370,F19C14.2,F9K23.10	C
UniProtKB	A0A1P8AY99	EXT6	GO:0005199		3702	EXT6,extensin 6,At2g24980,F27C12.10,F27C12_10	F
UniProtKB	A0A1P8AYF2	EXT6	GO:0005199		3702	EXT6,extensin 6,At2g24980,F27C12.10,F27C12_10	F
UniProtKB	A0A1P8B3U5	At4g08400	GO:0005199		3702	At4g08400,T28D5.90,T28D5_90	F
UniProtKB	A0A1P8B3U6	At4g08400	GO:0005199		3702	At4g08400,T28D5.90,T28D5_90	F
UniProtKB	A0A1P8B4B8	At4g08410	GO:0005199		3702	At4g08410,T28D5.100,T28D5_100	F
UniProtKB	A0A1P8B7R7	EXT12	GO:0005199		3702	EXT12,extensin 12,At4g13390,T9E8.130,T9E8_130	F
UniProtKB	A0A1P8B7S0	EXT12	GO:0005199		3702	EXT12,extensin 12,At4g13390,T9E8.130,T9E8_130	F
UniProtKB	A0A1P8BCU9	EXT10	GO:0005199		3702	EXT10,extensin 10,At5g06640,F15M7.17,F15M7_17	F
UniProtKB	A0A5S9VE03	C24_LOCUS2178	GO:0005199		3702	C24_LOCUS2178	F
UniProtKB	A0A5S9VS51	C24_LOCUS2425	GO:0005199		3702	C24_LOCUS2425	F
UniProtKB	A0A5S9WV20	C24_LOCUS6621	GO:0005199		3702	C24_LOCUS6621	F
UniProtKB	A0A5S9X191	C24_LOCUS8730	GO:0005199		3702	C24_LOCUS8730	F
UniProtKB	A0A5S9XGM7	C24_LOCUS14198	GO:0005199		3702	C24_LOCUS14198	F
UniProtKB	A0A5S9XKS1	C24_LOCUS15713	GO:0005199		3702	C24_LOCUS15713	F
UniProtKB	A0A5S9XMH5	At3g54590	GO:0005199		3702	At3g54590,C24_LOCUS15714	F
UniProtKB	A0A5S9XQE9	C24_LOCUS17334	GO:0005199		3702	C24_LOCUS17334	F
UniProtKB	A0A5S9XS88	C24_LOCUS17330	GO:0005199		3702	C24_LOCUS17330	F
UniProtKB	A0A5S9XTP4	At4g13390	GO:0005199		3702	At4g13390,C24_LOCUS17836	F
UniProtKB	A0A5S9Y1Z6	C24_LOCUS21375	GO:0005199		3702	C24_LOCUS21375	F
UniProtKB	A0A5S9Y8R6	At5g35190	GO:0005199		3702	At5g35190,C24_LOCUS23557	F
UniProtKB	A0A654ED06	At1g26250	GO:0005199		3702	At1g26250,AN1_LOCUS2680,C24_LOCUS2583	F
UniProtKB	A0A654ED29	AN1_LOCUS2679	GO:0005199		3702	AN1_LOCUS2679	F
UniProtKB	A0A654EDI1	AN1_LOCUS2519	GO:0005199		3702	AN1_LOCUS2519	F
UniProtKB	A0A654EMJ9	AN1_LOCUS2266	GO:0005199		3702	AN1_LOCUS2266	F
UniProtKB	A0A654EPW1	AN1_LOCUS6734	GO:0005199		3702	AN1_LOCUS6734	F
UniProtKB	A0A654EXC2	AN1_LOCUS8881	GO:0005199		3702	AN1_LOCUS8881	F
UniProtKB	A0A654FBS3	AN1_LOCUS14358	GO:0005199		3702	AN1_LOCUS14358	F
UniProtKB	A0A654FFT6	AN1_LOCUS15829	GO:0005199		3702	AN1_LOCUS15829	F
UniProtKB	A0A654FFW5	At3g54590	GO:0005199		3702	At3g54590,AN1_LOCUS15830	F
UniProtKB	A0A654FMC1	At4g08410	GO:0005199		3702	At4g08410,AN1_LOCUS17430	F
UniProtKB	A0A654FMQ1	At4g08410	GO:0005199		3702	At4g08410,AN1_LOCUS17432	F
UniProtKB	A0A654FP67	AN1_LOCUS17950	GO:0005199		3702	AN1_LOCUS17950	F
UniProtKB	A0A654FYZ9	At5g06630	GO:0005199		3702	At5g06630,AN1_LOCUS21479	F
UniProtKB	A0A654FZ35	At5g06640	GO:0005199		3702	At5g06640,AN1_LOCUS21480	F
UniProtKB	A0A654G5Q6	At5g35190	GO:0005199		3702	At5g35190,AN1_LOCUS23707	F
UniProtKB	B3H5R0	At2g41451	GO:0009505		3702	At2g41451,T26J13	C
UniProtKB	C0LGK4	At2g16250	GO:0009505		3702	At2g16250,F16F14.25	C
UniProtKB	C0LGQ5	GSO1	GO:0048226		3702	GSO1,SGN3,At4g20140,F1C12.60	C
UniProtKB	C0LGQ5	GSO1	GO:0048226		3702	GSO1,SGN3,At4g20140,F1C12.60	C
UniProtKB	C0Z241	EXPA1	GO:0009505		3702	EXPA1,AT-EXP1,ATEXP1,ATEXPA1,ATHEXP ALPHA 1.2,EXP1,EXPANSIN 1,expansin A1,At1g69530,F10D13.18,F10D13_18	C
UniProtKB	F4HPC1	EXPA10	GO:0009505		3702	EXPA10,AT-EXP10,ATEXP10,ATEXPA10,ATHEXP ALPHA 1.1,EXP10,EXPANSIN 10,expansin A10,At1g26770,T24P13.15,T24P13_15	C
UniProtKB	F4HPC1	EXPA10	GO:0005199		3702	EXPA10,AT-EXP10,ATEXP10,ATEXPA10,ATHEXP ALPHA 1.1,EXP10,EXPANSIN 10,expansin A10,At1g26770,T24P13.15,T24P13_15	F
UniProtKB	F4HQD4	HSP70-15	GO:0009505		3702	HSP70-15,At1g79920,F19K16.12	C
UniProtKB	F4HR88	At1g33590	GO:0009505		3702	At1g33590,T1E4.3,T1E4_3	C
UniProtKB	F4HSX1	APT1	GO:0009505		3702	APT1,ATAPT1,At1g27450,F17L21.24,F17L21_24	C
UniProtKB	F4HV09	At1g34575	GO:0009505		3702	At1g34575,F12K21.9	C
UniProtKB	F4IA77	At1g78400	GO:0009505		3702	At1g78400,F3F9.9,F3F9_9	C
UniProtKB	F4J0B5	At3g28550	GO:0005199		3702	At3g28550	F
UniProtKB	F4JCZ1	At3g54580	GO:0005199		3702	At3g54580	F
UniProtKB	F4JEL4	EIF4A1	GO:0009505		3702	EIF4A1,RH4,TIF4A1,At3g13920	C
UniProtKB	F4JF10	T12K4_20	GO:0009505		3702	T12K4_20,At3g42570	C
UniProtKB	F4JFN3	HSP90-6	GO:0009505		3702	HSP90-6,HSP89-1,At3g07770,F17A17.11,MLP3.22	C
UniProtKB	F4JLY4	CYP706A1	GO:0009505		3702	CYP706A1,''cytochrome P450,cytochrome P450,family 706,polypeptide 1,polypeptide 1'',subfamily A,At4g22690,T12H17.80,T12H17_80	C
UniProtKB	F4JWF6	UAP56b	GO:0009505		3702	UAP56b,homolog of human UAP56 b,At5g11200,F2I11.90,F2I11_90	C
UniProtKB	F4JYC5	EXT13	GO:0005199		3702	EXT13,extensin 13,At5g35190,T25C13.70,T25C13_70	F
UniProtKB	F4K3R8	VDAC2	GO:0009505		3702	VDAC2,ATVDAC2,At5g67500,K9I9.6,K9I9_6	C
UniProtKB	F4K3X4	At5g06630	GO:0005199		3702	At5g06630,F15M7.16,F15M7_16	F
UniProtKB	F4K6B6	HSP81-2	GO:0009505		3702	HSP81-2,AtHsp90.2,ERD8,HEAT SHOCK PROTEIN 81-2,HEAT SHOCK PROTEIN 90.2,HSP81.2,HSP90.2,MDA7.7,MDA7_7,heat shock protein 81-2,heat shock protein 81.2,At5g56030	C
UniProtKB	F4KHY7	GRF8	GO:0009505		3702	GRF8,14-3-3KAPPA,GF14 KAPPA,GF14 KAPPA ISOFORM,MNA5.16,MNA5_16,general regulatory factor 8,At5g65430	C
UniProtKB	F4KIB2	TMN8	GO:0009505		3702	TMN8,EMP1,At5g10840,T30N20_110	C
UniProtKB	O03042	rbcL	GO:0009505		3702	rbcL,AtCg00490	C
UniProtKB	O03986	HSP90-4	GO:0009505		3702	HSP90-4,HSP81-4,At5g56000,MDA7.4	C
UniProtKB	O04630	THRRS	GO:0009505		3702	THRRS,At5g26830,F2P16.7	C
UniProtKB	O22197	RHC1A	GO:0009505		3702	RHC1A,At2g40830	C
UniProtKB	O22263	PDIL2-1	GO:0009505		3702	PDIL2-1,MEE30,PDI11,PDIL4-1,UNE5,At2g47470,T30B22.23	C
UniProtKB	O22785	PRP19B	GO:0009505		3702	PRP19B,MAC3B,PUB60,At2g33340,F4P9.11	C
UniProtKB	O22862	PER26	GO:0009505		3702	PER26,P26,At2g43480,T1O24.22	C
UniProtKB	O22940	At2g41800	GO:0009505		3702	At2g41800,T11A7.10,T11A7_10	C
UniProtKB	O22940	At2g41800	GO:0009505		3702	At2g41800,T11A7.10,T11A7_10	C
UniProtKB	O22959	PER19	GO:0009505		3702	PER19,P19,At2g34060,T14G11.18	C
UniProtKB	O23044	PER3	GO:0009505		3702	PER3,P3,RCI3,At1g05260,YUP8H12.13	C
UniProtKB	O23654	VHA-A	GO:0009505		3702	VHA-A,At1g78900,F9K20.5	C
UniProtKB	O24520	AHB1	GO:0009505		3702	AHB1,GLB1,At2g16060,F7H1.8	C
UniProtKB	O48818	EXPA4	GO:0009505		3702	EXPA4,EXP4,At2g39700,F17A14.7	C
UniProtKB	O49293	PER13	GO:0009505		3702	PER13,P13,At1g77100,F22K20.17	C
UniProtKB	O64696	At2g34510	GO:0009505		3702	At2g34510,T31E10.15,T31E10_15	C
UniProtKB	O64743	MEE23	GO:0009505		3702	MEE23,EDA28,At2g34790,F19I3.2	C
UniProtKB	O64745	At2g34810	GO:0009505		3702	At2g34810,F19I3.4	C
UniProtKB	O64879	BGLU15	GO:0009505		3702	BGLU15,At2g44450,F4I1.26	C
UniProtKB	O65355	GGH2	GO:0009505		3702	GGH2,GGH,GGH1,At1g78680,F9K20.28	C
UniProtKB	O65375	LRX1	GO:0009505		3702	LRX1,At1g12040,F12F1.9	C
UniProtKB	O65375	LRX1	GO:0005199		3702	LRX1,At1g12040,F12F1.9	F
UniProtKB	O65684	CIF2	GO:0048226		3702	CIF2,At4g34600,T4L20.180	C
UniProtKB	O65719	HSP70-3	GO:0009505		3702	HSP70-3,HSC70-3,HSC70-G7,At3g09440,F11F8,F3L24.33	C
UniProtKB	O80434	IRX12	GO:0009505		3702	IRX12,LAC4,At2g38080,F16M14.1	C
UniProtKB	O80803	XTH17	GO:0009505		3702	XTH17,XTR1,At1g65310,T8F5.9	C
UniProtKB	O80822	PER25	GO:0009505		3702	PER25,P25,At2g41480,T26J13.7	C
UniProtKB	O81417	SRPP	GO:0009505		3702	SRPP,RHS13,At4g02270,T2H3.4	C
UniProtKB	O81755	PER48	GO:0009505		3702	PER48,P48,At4g33870,F17I5.60	C
UniProtKB	O81765	PEX4	GO:0005199		3702	PEX4,At4g33970,F17I5.160	F
UniProtKB	O81772	PER46	GO:0009505		3702	PER46,P46,At4g31760,F28M20.50	C
UniProtKB	O82204	RPL28A	GO:0009505		3702	RPL28A,AE5,At2g19730,F6F22.24	C
UniProtKB	O82481	ARAC10	GO:0009531		3702	ARAC10,ROP11,At5g62880,MQB2.180,MQB2.20	C
UniProtKB	O82663	SDH1-1	GO:0009505		3702	SDH1-1,At5g66760,MSN2.16	C
UniProtKB	P0CJ46	ACT1	GO:0009505		3702	ACT1,AAC1,At2g37620,F13M22.12	C
UniProtKB	P0CJ47	ACT3	GO:0009505		3702	ACT3,At3g53750,F5K20_50	C
UniProtKB	P0DI10	PER1	GO:0009505		3702	PER1,P1,At1g05240,YUP8H12.15	C
UniProtKB	P0DI10	PER1	GO:0009505		3702	PER1,P1,At1g05240,YUP8H12.15	C
UniProtKB	P10896	RCA	GO:0009505		3702	RCA,At2g39730,T5I7.3	C
UniProtKB	P16127	CHLI1	GO:0009505		3702	CHLI1,CH42,CS,At4g18480,F28J12.140	C
UniProtKB	P16181	RPS11A	GO:0009505		3702	RPS11A,EMB1080,RPS11,At3g48930,T2J13.230	C
UniProtKB	P17094	ARP1	GO:0009505		3702	ARP1,EMB2207,RPL3A,At1g43170,F1I21.1	C
UniProtKB	P17562	SAM2	GO:0009505		3702	SAM2,At4g01850,T7B11.11	C
UniProtKB	P19366	atpB	GO:0009505		3702	atpB,AtCg00480	C
UniProtKB	P20115	CSY4	GO:0009505		3702	CSY4,At2g44350,F4I1.16	C
UniProtKB	P22953	HSP70-1	GO:0009505		3702	HSP70-1,ERD2,HSC70-1,MED37E,MED37_4,At5g02500,T22P11.90	C
UniProtKB	P22954	HSP70-2	GO:0009505		3702	HSP70-2,HSC70-2,HSC70-G8,MED37D,MED37_3,At5g02490,T22P11.80	C
UniProtKB	P23686	SAM1	GO:0009505		3702	SAM1,At1g02500,T14P4.17,T14P4_22	C
UniProtKB	P24101	PER33	GO:0009505		3702	PER33,P33,PRXCA,At3g49110,F2K15.4,T2J13.50	C
UniProtKB	P24636	TUBB4	GO:0009505		3702	TUBB4,TUB4,At5g44340,K9L2.12	C
UniProtKB	P24806	XTH24	GO:0009505		3702	XTH24,MERI-5,MERI5B,SEN4,At4g30270,F9N11.120	C
UniProtKB	P29402	CNX1	GO:0009505		3702	CNX1,At5g61790,MAC9.11	C
UniProtKB	P29511	TUBA6	GO:0009505		3702	TUBA6,TUA6,At4g14960,dl3520c	C
UniProtKB	P29513	TUBB5	GO:0009505		3702	TUBB5,TUB5,At1g20010,T20H2.21	C
UniProtKB	P29515	TUBB7	GO:0009505		3702	TUBB7,TUB7,At2g29550,F16P2.7	C
UniProtKB	P31167	AAC1	GO:0009505		3702	AAC1,ANT1,At3g08580,F17O14.5	C
UniProtKB	P34788	RPS18A	GO:0009505		3702	RPS18A,RPS18B,RPS18C,PFL,At1g22780,At1g34030,At4g09800,F12G12.15,F17A8.150,T15K4.9,T22J18.5	C
UniProtKB	P34788	RPS18A	GO:0009505		3702	RPS18A,RPS18B,RPS18C,PFL,At1g22780,At1g34030,At4g09800,F12G12.15,F17A8.150,T15K4.9,T22J18.5	C
UniProtKB	P34788	RPS18A	GO:0009505		3702	RPS18A,RPS18B,RPS18C,PFL,At1g22780,At1g34030,At4g09800,F12G12.15,F17A8.150,T15K4.9,T22J18.5	C
UniProtKB	P41127	RPL13B	GO:0009505		3702	RPL13B,BBC1,At3g49010,T2J13.150	C
UniProtKB	P41916	RAN1	GO:0009505		3702	RAN1,At5g20010,F28I16.160	C
UniProtKB	P42644	GRF3	GO:0009505		3702	GRF3,RCI1A,At5g38480,MXI10.21	C
UniProtKB	P42645	GRF5	GO:0009505		3702	GRF5,At5g16050,F1N13_190	C
UniProtKB	P42760	GSTF6	GO:0009505		3702	GSTF6,ERD11,GST1,GSTF3,At1g02930,F22D16.7	C
UniProtKB	P42761	GSTF10	GO:0009505		3702	GSTF10,ERD13,GSTF4,At2g30870,F7F1.8	C
UniProtKB	P42798	RPS15AA	GO:0009505		3702	RPS15AA,RPS15AF,At1g07770,At5g59850,F24B9.12,MMN10.16,MMN10.8	C
UniProtKB	P42798	RPS15AA	GO:0009505		3702	RPS15AA,RPS15AF,At1g07770,At5g59850,F24B9.12,MMN10.16,MMN10.8	C
UniProtKB	P46645	ASP2	GO:0009505		3702	ASP2,AAT2,At5g19550,T20D1.70	C
UniProtKB	P46689	GASA1	GO:0009505		3702	GASA1,At1g75750,F10A5.6,F10A5_16	C
UniProtKB	P48349	GRF6	GO:0009505		3702	GRF6,AFT1,RCI2,At5g10450,F12B17_200	C
UniProtKB	P48491	CTIMC	GO:0009505		3702	CTIMC,At3g55440,T22E16.100	C
UniProtKB	P49200	RPS20A	GO:0009505		3702	RPS20A,RPS20C,At3g45030,At5g62300,F14D17_100,MMI9.13,MMI9_120	C
UniProtKB	P51420	RPL31C	GO:0009505		3702	RPL31C,RPL31,At5g56710,MIK19.16	C
UniProtKB	P51427	RPS5B	GO:0009505		3702	RPS5B,AML1,At3g11940,F26K24.23,MEC18.4	C
UniProtKB	P53492	ACT7	GO:0009505		3702	ACT7,At5g09810,MYH9.2	C
UniProtKB	P54609	CDC48A	GO:0009505		3702	CDC48A,CDC48,At3g09840,F8A24.11	C
UniProtKB	P54904	PROC1	GO:0009505		3702	PROC1,EMB2772,At5g14800,T9L3_100	C
UniProtKB	P59223	RPS13A	GO:0009505		3702	RPS13A,At3g60770,T4C21_180	C
UniProtKB	P60040	RPL7B	GO:0009505		3702	RPL7B,At2g01250,F10A8.13	C
UniProtKB	P68209	At5g08300	GO:0009505		3702	At5g08300,F8L15_30	C
UniProtKB	P83291	CBR2	GO:0009505		3702	CBR2,At5g20080,F28I16.230	C
UniProtKB	P92976	SSL11	GO:0009505		3702	SSL11,SS12,SS3,At1g74000,F2P9.13	C
UniProtKB	P92990	PGL3	GO:0009505		3702	PGL3,JP650,PG2,At1g70370,F17O7.9	C
UniProtKB	P92994	CYP73A5	GO:0009505		3702	CYP73A5,CYP73,REF3,At2g30490,T6B20.16	C
UniProtKB	Q00917	SUS2	GO:0009505		3702	SUS2,SSA,At5g49190,K21P3.6	C
UniProtKB	Q03251	RBG8	GO:0009505		3702	RBG8,CCR1,GR-RBP8,GRP8,SRBP2,At4g39260,T22F8.160	C
UniProtKB	Q05431	APX1	GO:0009505		3702	APX1,At1g07890,F24B9.2	C
UniProtKB	Q05758	At3g58610	GO:0009505		3702	At3g58610,F14P22.200	C
UniProtKB	Q0WNP7	ROPGEF4	GO:0009531		3702	ROPGEF4,At2g45890,F4I18.13	C
UniProtKB	Q0WPA5	MSR2	GO:0009505		3702	MSR2,OFUT12,At1g51630,F19C24.14	C
UniProtKB	Q0WVF7	At3g03060	GO:0009505		3702	At3g03060,T17B22.25,T17B22_25	C
UniProtKB	Q27GI3	NAT6	GO:0009505		3702	NAT6,At5g62890,MQB2.190,MQB2.21	C
UniProtKB	Q2V3K2	At4g08875	GO:0043680		3702	At4g08875,T3H13	C
UniProtKB	Q2V3K4	At4g08869	GO:0043680		3702	At4g08869,T3H13	C
UniProtKB	Q2V4L8	CEL5	GO:0009505		3702	CEL5,At1g22880,F19G10.16	C
UniProtKB	Q38845	PP2AA1	GO:0009505		3702	PP2AA1,EER1,RCN1,REGA,At1g25490,F2J7.19	C
UniProtKB	Q38865	EXPA6	GO:0009505		3702	EXPA6,EXP6,At2g28950,T9I4.3	C
UniProtKB	Q38913	EXT1	GO:0005199		3702	EXT1,EXT1/4,EXT4,At1g76930,F22K20.3	F
UniProtKB	Q38913	EXT1	GO:0005199		3702	EXT1,EXT1/4,EXT4,At1g76930,F22K20.3	F
UniProtKB	Q38913	EXT1	GO:0009530		3702	EXT1,EXT1/4,EXT4,At1g76930,F22K20.3	C
UniProtKB	Q38951	PP2AA3	GO:0009505		3702	PP2AA3,DF2,At1g13320,T6J4.8	C
UniProtKB	Q39043	BIP2	GO:0009505		3702	BIP2,BIP,HSP70-12,MED37F,MED37_6,At5g42020,MJC20.12	C
UniProtKB	Q39099	XTH4	GO:0009505		3702	XTH4,EXGT-A1,EXT,At2g06850,T9F8.4	C
UniProtKB	Q39176	EARLI1	GO:0009505		3702	EARLI1,At4g12480,T1P17.70	C
UniProtKB	Q39182	PDF2.2	GO:0009505		3702	PDF2.2,LCR69,At2g02100,F5O4.13	C
UniProtKB	Q39191	WAK1	GO:0009505		3702	WAK1,PRO25,At1g21250,F16F4.6	C
UniProtKB	Q39256	UBQ8	GO:0009505		3702	UBQ8,At3g09790,F11F8_38,F8A24.16	C
UniProtKB	Q3ECR7	CYSTM2	GO:0009505		3702	CYSTM2,CDT1,At1g52827,F14G24	C
UniProtKB	Q41931	ACO2	GO:0009505		3702	ACO2,EI305,At1g62380,F24O1.10	C
UniProtKB	Q41951	TIP2-1	GO:0009505		3702	TIP2-1,At3g16240,MYA6.10	C
UniProtKB	Q42262	RPS3AB	GO:0009505		3702	RPS3AB,CYC07,At4g34670,T4L20.250	C
UniProtKB	Q42290	MPPbeta	GO:0009505		3702	MPPbeta,At3g02090,F1C9.12	C
UniProtKB	Q42534	PME2	GO:0009505		3702	PME2,ARATH8,At1g53830,T18A20.6	C
UniProtKB	Q42547	CAT3	GO:0009505		3702	CAT3,At1g20620,F2D10.40,F5M15.5	C
UniProtKB	Q42580	PER21	GO:0009505		3702	PER21,P21,At2g37130,T2N18.11	C
UniProtKB	Q42589	LTP1	GO:0009505		3702	LTP1,At2g38540,T6A23.26	C
UniProtKB	Q43387	PER71	GO:0009505		3702	PER71,P71,At5g64120,MHJ24.10	C
UniProtKB	Q43387	PER71	GO:0009505		3702	PER71,P71,At5g64120,MHJ24.10	C
UniProtKB	Q43729	PER57	GO:0009505		3702	PER57,P57,At5g17820,MVA3.170,MVA3.18	C
UniProtKB	Q43729	PER57	GO:0009505		3702	PER57,P57,At5g17820,MVA3.170,MVA3.18	C
UniProtKB	Q43735	PER27	GO:0009505		3702	PER27,P27,At3g01190,T4P13.12	C
UniProtKB	Q43872	PER64	GO:0009505		3702	PER64,P64,At5g42180,MJC20.29	C
UniProtKB	Q43872	PER64	GO:0009505		3702	PER64,P64,At5g42180,MJC20.29	C
UniProtKB	Q4PSE6	LRX7	GO:0005199		3702	LRX7,At5g25550,T14C9.90	F
UniProtKB	Q4V3D9	SSL10	GO:0009505		3702	SSL10,SS8,At3g57030,F24I3.110	C
UniProtKB	Q56WH4	HDT2	GO:0009505		3702	HDT2,HD2,HD2B,HDA4,At5g22650,MDJ22.7	C
UniProtKB	Q56WN1	GLN1-1	GO:0009505		3702	GLN1-1,At5g37600,K12B20.50	C
UniProtKB	Q56YT0	LAC3	GO:0048226		3702	LAC3,At2g30210,T9D9.2	C
UniProtKB	Q5XV99	At3g57200	GO:0009505		3702	At3g57200,F28O9.50	C
UniProtKB	Q67YG7	SOFL1	GO:0009505		3702	SOFL1,At1g26210,F28B23.12	C
UniProtKB	Q67Z07	PER2	GO:0009505		3702	PER2,P2,At1g05250,YUP8H12.14	C
UniProtKB	Q6ID18	LAC10	GO:0009505		3702	LAC10,At5g01190,F7J8.170	C
UniProtKB	Q7X8C5	WAKL2	GO:0009505		3702	WAKL2,At1g16130,T24D18.21	C
UniProtKB	Q7X9V2	PIE1	GO:0009505		3702	PIE1,CHR13,At3g12810,MBK21.19	C
UniProtKB	Q84MD2	CIF1	GO:0048226		3702	CIF1,At2g16385,F16F14	C
UniProtKB	Q84R16	GT14	GO:0009505		3702	GT14,At4g13990,dl3035w	C
UniProtKB	Q84WM7	PPME1	GO:0009505		3702	PPME1,ARATH9,At1g69940,T17F3.3	C
UniProtKB	Q8GUM2	HSP70-9	GO:0009505		3702	HSP70-9,HSCA1,MTHSC70-1,At4g37910,F20D10.30	C
UniProtKB	Q8GWP0	MYB39	GO:0048226		3702	MYB39,FCA0,At4g17785,dl4925c	C
UniProtKB	Q8GXQ3	WAKL6	GO:0009505		3702	WAKL6,At1g16110,T24D18.19,T24D18_30	C
UniProtKB	Q8GXV7	PDLP1	GO:0009505		3702	PDLP1,CRRSP56,At5g43980,MRH10.9	C
UniProtKB	Q8GYY5	ROPGAP3	GO:0009531		3702	ROPGAP3,At2g46710,T3A4.9	C
UniProtKB	Q8GZ22	At2g03430	GO:0009505		3702	At2g03430,At2g03430/T4M8.14,T4M8.14,T4M8_14	C
UniProtKB	Q8L5Y6	CAND1	GO:0009505		3702	CAND1,ETA2,HVE,At2g02560,T8K22.14	C
UniProtKB	Q8L9A7	At4g27575	GO:0009505		3702	At4g27575,At4g27580,T29A15.70,T29A15_70	C
UniProtKB	Q8L9P8	RALFL33	GO:0009505		3702	RALFL33,At4g15800,FCAALL.206,dl3940c	C
UniProtKB	Q8LBX7	TED6	GO:0009505		3702	TED6,At1g43790,F28H19.19	C
UniProtKB	Q8LC83	RPS24B	GO:0009505		3702	RPS24B,At5g28060,F15F15.130	C
UniProtKB	Q8LD46	RPL23AA	GO:0009505		3702	RPL23AA,At2g39460,F12L6.12	C
UniProtKB	Q8LFM2	GASA10	GO:0009505		3702	GASA10,At5g59845,MMN10.7	C
UniProtKB	Q8LFX7	BDG1	GO:0009505		3702	BDG1,BDG,CB5,CED1,At1g64670,F1N19.24	C
UniProtKB	Q8RX86	AGAL2	GO:0009505		3702	AGAL2,At5g08370,F8L15.100	C
UniProtKB	Q8RX86	AGAL2	GO:0009505		3702	AGAL2,At5g08370,F8L15.100	C
UniProtKB	Q8RX86	AGAL2	GO:0009505		3702	AGAL2,At5g08370,F8L15.100	C
UniProtKB	Q8VXZ7	AGAL3	GO:0009505		3702	AGAL3,At3g56310,F18O21.270	C
UniProtKB	Q8VY01	SCPL46	GO:0009505		3702	SCPL46,At2g33530,F4P9.30	C
UniProtKB	Q8VYB3	sks9	GO:0009505		3702	sks9,SKU5 similar 9,At4g38420,F22I13.190,F22I13_190	C
UniProtKB	Q8VZG7	TSN1	GO:0009505		3702	TSN1,At5g07350,T2I1.60	C
UniProtKB	Q8VZV7	At5g14430	GO:0009505		3702	At5g14430,F18O22.220	C
UniProtKB	Q8W112	At5g20950	GO:0009505		3702	At5g20950,F22D1.120,F22D1_120	C
UniProtKB	Q8W4J3	QSOX1	GO:0009505		3702	QSOX1,QSO2,At1g15020,T15D22.7	C
UniProtKB	Q8W4M5	PFP-BETA1	GO:0009505		3702	PFP-BETA1,At1g12000,F12F1.13	C
UniProtKB	Q93V93	PER44	GO:0009505		3702	PER44,P44,At4g26010,F20B18.120	C
UniProtKB	Q93VB8	RPS2B	GO:0009505		3702	RPS2B,RF12,At1g58684,At1g58983,At1g59359,R18I.8,T4M14.1,T4M14_3	C
UniProtKB	Q93VB8	RPS2B	GO:0009505		3702	RPS2B,RF12,At1g58684,At1g58983,At1g59359,R18I.8,T4M14.1,T4M14_3	C
UniProtKB	Q93VB8	RPS2B	GO:0009505		3702	RPS2B,RF12,At1g58684,At1g58983,At1g59359,R18I.8,T4M14.1,T4M14_3	C
UniProtKB	Q93VG5	RPS8A	GO:0009505		3702	RPS8A,At5g20290,F5O24_180	C
UniProtKB	Q93VS8	emb2734	GO:0009505		3702	emb2734,embryo defective 2734,At5g19820,T29J13.240,T29J13_240	C
UniProtKB	Q93Y09	SCPL45	GO:0009505		3702	SCPL45,At1g28110,F13K9.20	C
UniProtKB	Q93Z02	At1g19900	GO:0009505		3702	At1g19900,F6F9.4,F6F9_4	C
UniProtKB	Q93Z16	RPN2	GO:0009505		3702	RPN2,HAP6,At4g21150,F7J7.90	C
UniProtKB	Q93ZA3	At1g30760	GO:0009505		3702	At1g30760,T17H7.1,T5I8.22	C
UniProtKB	Q93ZV7	LA1	GO:0009505		3702	LA1,At4g32720,F4D11.80	C
UniProtKB	Q940B8	KIN13A	GO:0009531		3702	KIN13A,KINESIN-13A,At3g16630,MGL6.9	C
UniProtKB	Q940J8	PAE7	GO:0009505		3702	PAE7,At4g19410,T5K18.190	C
UniProtKB	Q940P8	CCT2	GO:0009505		3702	CCT2,At5g20890,F22D1.60	C
UniProtKB	Q940R4	At4g16563	GO:0009505		3702	At4g16563,dl4305c	C
UniProtKB	Q944A2	At1g20220	GO:0009505		3702	At1g20220,T20H2.2,T20H2_2	C
UniProtKB	Q944K2	OST48	GO:0009505		3702	OST48,DGL1,At5g66680,MSN2.7	C
UniProtKB	Q94AN2	CHER1	GO:0097218		3702	CHER1,CTL1,SIC1,At3g15380,MJK13.4	C
UniProtKB	Q94AW8	ATJ3	GO:0009505		3702	ATJ3,A3,J3,At3g44110,F26G5.60	C
UniProtKB	Q94EJ6	At4g18030	GO:0009505		3702	At4g18030,T6K21.210	C
UniProtKB	Q94F09	PDIL5-2	GO:0009505		3702	PDIL5-2,PDI8,PDIL7-1,At1g35620,F15O4.20	C
UniProtKB	Q94F20	DGR2	GO:0009505		3702	DGR2,At5g25460,F18G18.200,F18G18_200	C
UniProtKB	Q94K30	At1g01800	GO:0009505		3702	At1g01800,T1N6.22,T1N6_22	C
UniProtKB	Q94K76	At5g18470	GO:0009505		3702	At5g18470,T28N17.6	C
UniProtKB	Q94KT8	COB	GO:0009505		3702	COB,At5g60920,MSL3.40	C
UniProtKB	Q96250	ATPC	GO:0009505		3702	ATPC,At2g33040,F25I18.22	C
UniProtKB	Q96321	IMPA1	GO:0009505		3702	IMPA1,KAP1,At3g06720,F3E22.14,T8E24.1	C
UniProtKB	Q96511	PER69	GO:0009505		3702	PER69,P69,At5g64100,MHJ24.8	C
UniProtKB	Q96520	PER12	GO:0009505		3702	PER12,P12,At1g71695,F14O23.6,F26A9.5	C
UniProtKB	Q96520	PER12	GO:0009505		3702	PER12,P12,At1g71695,F14O23.6,F26A9.5	C
UniProtKB	Q96528	CAT1	GO:0009505		3702	CAT1,At1g20630,F2D10.11,F5M15.31	C
UniProtKB	Q9C514	RPS7A	GO:0009505		3702	RPS7A,At1g48830,F11I4.1,T24P22.5	C
UniProtKB	Q9C568	At5g22200	GO:0009505		3702	At5g22200	C
UniProtKB	Q9C581	At5g22070	GO:0009505		3702	At5g22070,At5g22070/T6G21_180,AT5G22070	C
UniProtKB	Q9C5M0	DTC	GO:0009505		3702	DTC,At5g19760,T29J13.180	C
UniProtKB	Q9C668	At1g26240	GO:0005199		3702	At1g26240,F28B23.10,F28B23_10	F
UniProtKB	Q9C669	At1g26250	GO:0005199		3702	At1g26250,F28B23.9,F28B23_9	F
UniProtKB	Q9C681	At1g51060	GO:0009505		3702	At1g51060,F23H24.9	C
UniProtKB	Q9C6B8	PIN1	GO:0009505		3702	PIN1,At1g73590,F6D5.2	C
UniProtKB	Q9C6E4	EXL1	GO:0009505		3702	EXL1,PHI-1,At1g35140,T32G9.32	C
UniProtKB	Q9C6Y5	At1g44130	GO:0009505		3702	At1g44130,T7O23.17,T7O23_17	C
UniProtKB	Q9C7F7	LTPG1	GO:0009505		3702	LTPG1,LTPG,At1g27950,F13K9.6	C
UniProtKB	Q9C8H3	FTIP4	GO:0009505		3702	FTIP4,MCTP4,At1g51570,F19C24.20	C
UniProtKB	Q9C924	DD11	GO:0043680		3702	DD11,At1g52970,F14G24.24	C
UniProtKB	Q9C9C2	At1g74010	GO:0009505		3702	At1g74010,F2P9.12,F2P9_12	C
UniProtKB	Q9C9H5	CEL3	GO:0009505		3702	CEL3,At1g71380,F26A9.24	C
UniProtKB	Q9C9H5	CEL3	GO:0009505		3702	CEL3,At1g71380,F26A9.24	C
UniProtKB	Q9C9Y8	At3g08680	GO:0009505		3702	At3g08680,F17O14.15	C
UniProtKB	Q9C9Z9	ELD1	GO:0009505		3702	ELD1,ABI8,KOB1,At3g08550,F17O14.2	C
UniProtKB	Q9CA45	SOFL2	GO:0009505		3702	SOFL2,At1g68870,F14K14.2	C
UniProtKB	Q9CAI7	TIF4A-3	GO:0009505		3702	TIF4A-3,RH23,At1g72730,F28P22.8	C
UniProtKB	Q9CAX3	CASP2	GO:0048226		3702	CASP2,At3g11550,F24K9.22	C
UniProtKB	Q9CAX3	CASP2	GO:0048226		3702	CASP2,At3g11550,F24K9.22	C
UniProtKB	Q9FE06	EXL2	GO:0009505		3702	EXL2,At5g64260,MSJ1.10	C
UniProtKB	Q9FF10	At5g07830	GO:0009505		3702	At5g07830,F13G24.30	C
UniProtKB	Q9FFH6	FLA13	GO:0009505		3702	FLA13,At5g44130,MLN1_5	C
UniProtKB	Q9FFS8	RPS10B	GO:0009505		3702	RPS10B,At5g41520,MBK23.4	C
UniProtKB	Q9FFZ7	CASP4	GO:0048226		3702	CASP4,At5g06200,MBL20.8	C
UniProtKB	Q9FFZ7	CASP4	GO:0048226		3702	CASP4,At5g06200,MBL20.8	C
UniProtKB	Q9FG06	EXT10	GO:0005199		3702	EXT10,extensin 10,At5g06640,F15M7.17,F15M7_17	F
UniProtKB	Q9FG07	At5g06630	GO:0005199		3702	At5g06630	F
UniProtKB	Q9FGR9	CEP1	GO:0009505		3702	CEP1,CP56,At5g50260,K6A12.12	C
UniProtKB	Q9FH26	Q9FH26	GO:0005199		3702		F
UniProtKB	Q9FHM9	EXL3	GO:0009505		3702	EXL3,At5g51550,K17N15.10	C
UniProtKB	Q9FHQ6	UBQ9	GO:0009505		3702	UBQ9,At5g37640,K12B20.90	C
UniProtKB	Q9FHT4	TMN4	GO:0009505		3702	TMN4,EMP10,At5g37310,MNJ8.10	C
UniProtKB	Q9FHX5	At5g42100	GO:0009505		3702	At5g42100,MJC20.21	C
UniProtKB	Q9FI21	At5g44440	GO:0009505		3702	At5g44440,MFC16.10	C
UniProtKB	Q9FI25	At5g44410	GO:0009505		3702	At5g44410,MFC16.3	C
UniProtKB	Q9FI56	CLPC1	GO:0009505		3702	CLPC1,DCA1,HSP93-V,IRM1,At5g50920,K3K7.7	C
UniProtKB	Q9FI79	TED7	GO:0009505		3702	TED7,At5g48920,K19E20.3	C
UniProtKB	Q9FIZ3	GSO2	GO:0048226		3702	GSO2,EDA23,At5g44700,K23L20.3	C
UniProtKB	Q9FJD5	LAC17	GO:0009505		3702	LAC17,At5g60020,MMN10.27	C
UniProtKB	Q9FJZ9	PER72	GO:0009505		3702	PER72,P72,At5g66390,K1F13.4,K1L20.16	C
UniProtKB	Q9FKA4	PER62	GO:0009505		3702	PER62,P62,At5g39580,MIJ24.50,MIJ24.7	C
UniProtKB	Q9FKL2	MYB36	GO:0048226		3702	MYB36,At5g57620,MUA2.20	C
UniProtKB	Q9FKL2	MYB36	GO:0048226		3702	MYB36,At5g57620,MUA2.20	C
UniProtKB	Q9FKL2	MYB36	GO:0048226		3702	MYB36,At5g57620,MUA2.20	C
UniProtKB	Q9FKU9	At5g44390	GO:0009505		3702	At5g44390,K9L2.19	C
UniProtKB	Q9FKV2	At5g44360	GO:0009505		3702	At5g44360,K9L2.15	C
UniProtKB	Q9FLC0	PER52	GO:0009505		3702	PER52,P52,At5g05340,K18I23.14	C
UniProtKB	Q9FLV5	PER61	GO:0009505		3702	PER61,P61,At5g24070,MZF18.4	C
UniProtKB	Q9FMD7	At5g16590	GO:0009505		3702	At5g16590,MTG13.3	C
UniProtKB	Q9FMI7	PER70	GO:0009505		3702	PER70,P70,At5g64110,MHJ24.9	C
UniProtKB	Q9FMQ5	MWD9.26	GO:0009505		3702	MWD9.26,MWD9_26,At5g22460	C
UniProtKB	Q9FMR0	PER60	GO:0009505		3702	PER60,P60,At5g22410,MWD9.21	C
UniProtKB	Q9FMU6	MPT3	GO:0009505		3702	MPT3,AT5,PHT3;1,At5g14040,MUA22_4	C
UniProtKB	Q9FNQ2	PDCB1	GO:0009505		3702	PDCB1,At5g61130,MAF19.13	C
UniProtKB	Q9FPD6	At1g08210	GO:0009505		3702	At1g08210	C
UniProtKB	Q9FS16	EXT3	GO:0005199		3702	EXT3,EXT3/5,EXT5,RSH,At1g21310,F16F4.4	F
UniProtKB	Q9FS16	EXT3	GO:0005199		3702	EXT3,EXT3/5,EXT5,RSH,At1g21310,F16F4.4	F
UniProtKB	Q9FS16	EXT3	GO:0009530		3702	EXT3,EXT3/5,EXT5,RSH,At1g21310,F16F4.4	C
UniProtKB	Q9FT97	AGAL1	GO:0009505		3702	AGAL1,At5g08380,F8L15.110	C
UniProtKB	Q9FT97	AGAL1	GO:0009505		3702	AGAL1,At5g08380,F8L15.110	C
UniProtKB	Q9FV53	PDF1A	GO:0009505		3702	PDF1A,DEF1,At1g15390,F9L1.34,F9L1_34	C
UniProtKB	Q9FVT2	At1g57720	GO:0009505		3702	At1g57720,T8L23.18	C
UniProtKB	Q9FX54	GAPC2	GO:0009505		3702	GAPC2,GAPDH,At1g13440,T6J4.17	C
UniProtKB	Q9FZ31	PDF1.5	GO:0009505		3702	PDF1.5,At1g55010,F14C21.57,T24C10.12	C
UniProtKB	Q9FZA2	AGP31	GO:0009505		3702	AGP31,At1g28290,F3H9.6	C
UniProtKB	Q9FZC4	FOX1	GO:0009505		3702	FOX1,FOX,At1g26380,T1K7.24	C
UniProtKB	Q9FZC5	FOX2	GO:0009505		3702	FOX2,At1g26390,T1K7.23	C
UniProtKB	Q9FZC6	FOX3	GO:0009505		3702	FOX3,At1g26400,T1K7.22	C
UniProtKB	Q9FZC7	FOX4	GO:0009505		3702	FOX4,At1g26410,T1K7.21	C
UniProtKB	Q9FZC8	FOX5	GO:0009505		3702	FOX5,At1g26420,T1K7.20	C
UniProtKB	Q9LD57	PGK1	GO:0009505		3702	PGK1,At3g12780,MBK21.15	C
UniProtKB	Q9LD84	ATA20	GO:0009505		3702	ATA20,MJK13.6,anther 20,At3g15400,At3g15400/MJK13.6	C
UniProtKB	Q9LDZ0	HSP70-10	GO:0009505		3702	HSP70-10,HSC70-5,HSCA2,MTHSC70-2,At5g09590,F17I14_220	C
UniProtKB	Q9LEZ1	SOB5	GO:0009505		3702	SOB5,At5g08150,T22D6.90	C
UniProtKB	Q9LF33	UGD3	GO:0009505		3702	UGD3,At5g15490,T20K14_100	C
UniProtKB	Q9LF98	FBA8	GO:0009505		3702	FBA8,At3g52930,F8J2_100	C
UniProtKB	Q9LFA6	BGAL2	GO:0009505		3702	BGAL2,At3g52840,F8J2.10	C
UniProtKB	Q9LFW1	RGP2	GO:0009505		3702	RGP2,At5g15650,F14F8_30	C
UniProtKB	Q9LHA7	PER31	GO:0009505		3702	PER31,P31,At3g28200,T19D11.1,T19D11.4	C
UniProtKB	Q9LHA8	HSP70-4	GO:0009505		3702	HSP70-4,HSC70-4,HSP70,MED37C,MED37_2,At3g12580,T16H11.7,T2E22.11	C
UniProtKB	Q9LHF1	LRX4	GO:0009505		3702	LRX4,At3g24480,MXP5.6	C
UniProtKB	Q9LHF1	LRX4	GO:0005199		3702	LRX4,At3g24480,MXP5.6	F
UniProtKB	Q9LHS1	EXT13	GO:0005199		3702	EXT13,extensin 13,At5g35190,T25C13.70,T25C13_70	F
UniProtKB	Q9LJ64	PEX1	GO:0005199		3702	PEX1,At3g19020,K13E13.23	F
UniProtKB	Q9LJF1	sks13	GO:0009505		3702	sks13,SKU5 similar 13,At3g13400	C
UniProtKB	Q9LJK0	At3g28550	GO:0005199		3702	At3g28550	F
UniProtKB	Q9LJX8	dVPE	GO:0009505		3702	dVPE,At3g20210,MAL21.23	C
UniProtKB	Q9LK25	PHB4	GO:0009505		3702	PHB4,At3g27280,K17E12.10	C
UniProtKB	Q9LKR3	BIP1	GO:0009505		3702	BIP1,HSP70-11,MED37A,MED37_5,At5g28540,T26D3.10,T26D3_50	C
UniProtKB	Q9LMS3	LAC1	GO:0048226		3702	LAC1,At1g18140,T10F20.14,T10O22.11	C
UniProtKB	Q9LNC5	CLO	GO:0009505		3702	CLO,GFA1,MEE5,VAJ-1,At1g06220,F9P14.8	C
UniProtKB	Q9LNJ3	APF2	GO:0009505		3702	APF2,At1g01300,F6F3.10	C
UniProtKB	Q9LNL0	PER8	GO:0009505		3702	PER8,P8,At1g34510,F12K21.18	C
UniProtKB	Q9LPC3	SEC1A	GO:0009505		3702	SEC1A,At1g01980,F22M8.11	C
UniProtKB	Q9LSP0	PER29	GO:0009505		3702	PER29,P29,At3g17070,K14A17.14,K14A17.3	C
UniProtKB	Q9LSY7	PER30	GO:0009505		3702	PER30,P30,At3g21770,MSD21.10,MSD21.8	C
UniProtKB	Q9LSY7	PER30	GO:0009505		3702	PER30,P30,At3g21770,MSD21.10,MSD21.8	C
UniProtKB	Q9LT91	PER66	GO:0009505		3702	PER66,P66,At5g51890,MJM18.4	C
UniProtKB	Q9LTF2	RPS10C	GO:0009505		3702	RPS10C,At5g52650,F6N7.14	C
UniProtKB	Q9LTP5	GRP5	GO:0009505		3702	GRP5,At3g20470,MQC12.26	C
UniProtKB	Q9LTP5	GRP5	GO:0005199		3702	GRP5,At3g20470,MQC12.26	F
UniProtKB	Q9LUI1	LRX6	GO:0005199		3702	LRX6,At3g22800,MWI23.17	F
UniProtKB	Q9LUT2	METK4	GO:0009505		3702	METK4,MTO3,SAMS3,At3g17390,MGD8.23	C
UniProtKB	Q9LUW5	RH53	GO:0009505		3702	RH53,At3g22330,MCB17.5	C
UniProtKB	Q9LV33	BGLU44	GO:0009505		3702	BGLU44,At3g18080,MRC8.20	C
UniProtKB	Q9LVA1	NAC101	GO:0009531		3702	NAC101,VND6,At5g62380,MMI9.21	C
UniProtKB	Q9LW07	At3g15720	GO:0009505		3702	At3g15720,MSJ11.12	C
UniProtKB	Q9LX13	At5g10160	GO:0009505		3702	At5g10160,T31P16.150,T31P16_150	C
UniProtKB	Q9LXB8	PELPK1	GO:0009505		3702	PELPK1,PRP10,At5g09530,F17I14.280,T5E8.2	C
UniProtKB	Q9LXF3	CASP5	GO:0048226		3702	CASP5,At5g15290,F8M21_180	C
UniProtKB	Q9LXG1	RPS9B	GO:0009505		3702	RPS9B,At5g15200,F8M21_90	C
UniProtKB	Q9LXG3	PER56	GO:0009505		3702	PER56,P56,At5g15180,F8M21_70	C
UniProtKB	Q9LY84	At5g14450	GO:0009505		3702	At5g14450,F18O22.240	C
UniProtKB	Q9LYG3	NADP-ME2	GO:0009505		3702	NADP-ME2,At5g11670,T22P22.60	C
UniProtKB	Q9LYJ5	At5g14650	GO:0009505		3702	At5g14650,T15N1.140,T15N1_140	C
UniProtKB	Q9LYQ2	LAC13	GO:0048226		3702	LAC13,At5g07130,T28J14.70	C
UniProtKB	Q9LZF6	CDC48E	GO:0009505		3702	CDC48E,At5g03340,F12E4_70	C
UniProtKB	Q9LZQ4	T12C14_60	GO:0009505		3702	T12C14_60,At3g62360	C
UniProtKB	Q9LZT4	EXLA1	GO:0009505		3702	EXLA1,EXPL1,At3g45970,F16L2_180	C
UniProtKB	Q9LZT5	EXLA3	GO:0009505		3702	EXLA3,EXPL3,At3g45960,F16L2_170	C
UniProtKB	Q9M1G9	EXT2	GO:0005199		3702	EXT2,HRGP1,At3g54590,T14E10.160	F
UniProtKB	Q9M1G9	EXT2	GO:0009530		3702	EXT2,HRGP1,At3g54590,T14E10.160	C
UniProtKB	Q9M1H0	T14E10_150	GO:0005199		3702	T14E10_150	F
UniProtKB	Q9M1T6	T14D3.170	GO:0009505		3702	T14D3.170,APAP1,At3g45230	C
UniProtKB	Q9M263	GLP10	GO:0009505		3702	GLP10,At3g62020,F21F14.190	C
UniProtKB	Q9M2F1	RPS27B	GO:0009505		3702	RPS27B,ARS27A,At3g61110,T20K12.10,T27I15_200	C
UniProtKB	Q9M2R0	FTIP3	GO:0009505		3702	FTIP3,MCTP3,At3g57880,T10K17.90	C
UniProtKB	Q9M356	F15G16.210	GO:0009505		3702	F15G16.210,At3g61820,F21F14.7	C
UniProtKB	Q9M3B0	PME34	GO:0009505		3702	PME34,ARATH34,At3g49220,F2K15.80	C
UniProtKB	Q9M5J8	PGIP2	GO:0009505		3702	PGIP2,At5g06870,MOJ9.4	C
UniProtKB	Q9M5J9	PGIP1	GO:0009505		3702	PGIP1,At5g06860,MOJ9_3	C
UniProtKB	Q9M8K5	HIPP32	GO:0009505		3702	HIPP32,At3g06130,F28L1.7	C
UniProtKB	Q9M8T0	At3g02880	GO:0009505		3702	At3g02880,F13E7.17	C
UniProtKB	Q9MAJ7	BGAL5	GO:0009505		3702	BGAL5,At1g45130,F27F5.20	C
UniProtKB	Q9MAK9	RPT4B	GO:0009505		3702	RPT4B,At1g45000,F27F5.8	C
UniProtKB	Q9MAP5	SBT3.3	GO:0009505		3702	SBT3.3,At1g32960,F9L11.13	C
UniProtKB	Q9MAP7	SBT3.5	GO:0009505		3702	SBT3.5,At1g32940,F9L11.11	C
UniProtKB	Q9MAU6	PDIL2-2	GO:0009505		3702	PDIL2-2,PDI10,PDIL5-1,At1g04980,F13M7.3	C
UniProtKB	Q9S732	F13M14.3	GO:0097218		3702	F13M14.3,At3g10680,T7M13.24	C
UniProtKB	Q9S795	ALDH10A8	GO:0009505		3702	ALDH10A8,At1g74920,F25A4.11,F9E10.23	C
UniProtKB	Q9S7I3	LTP2	GO:0009505		3702	LTP2,CDF3,At2g38530,T6A23.27	C
UniProtKB	Q9S7Y7	XYL1	GO:0009505		3702	XYL1,AXY3,At1g68560,F24J5.20	C
UniProtKB	Q9S9M5	WAKL1	GO:0009505		3702	WAKL1,At1g16120,T24D18.20	C
UniProtKB	Q9S9N1	HSP70-5	GO:0009505		3702	HSP70-5,HSP70B,At1g16030,T24D18.14	C
UniProtKB	Q9SA85	At1g30700	GO:0009505		3702	At1g30700,T5I8.15	C
UniProtKB	Q9SA86	At1g30710	GO:0009505		3702	At1g30710,T5I8.16	C
UniProtKB	Q9SA87	At1g30720	GO:0009505		3702	At1g30720,T5I8.17	C
UniProtKB	Q9SA88	At1g30730	GO:0009505		3702	At1g30730,T5I8.18	C
UniProtKB	Q9SA89	At1g30740	GO:0009505		3702	At1g30740,T5I8.19	C
UniProtKB	Q9SA99	At1g11770	GO:0009505		3702	At1g11770,F25C20.7	C
UniProtKB	Q9SB38	PMEI4	GO:0009505		3702	PMEI4,At4g25250,F24A6.90	C
UniProtKB	Q9SB81	PER42	GO:0009505		3702	PER42,P42,At4g21960,F1N20.3,T8O5.170	C
UniProtKB	Q9SB81	PER42	GO:0009505		3702	PER42,P42,At4g21960,F1N20.3,T8O5.170	C
UniProtKB	Q9SCT4	IMK2	GO:0009505		3702	IMK2,At3g51740,T18N14.120	C
UniProtKB	Q9SCV9	BGAL3	GO:0009505		3702	BGAL3,At4g36360,C7A10.1000,F23E13.200	C
UniProtKB	Q9SCW1	BGAL1	GO:0009505		3702	BGAL1,At3g13750,MMM17.1	C
UniProtKB	Q9SCZ0	LTP12	GO:0009505		3702	LTP12,At3g51590,F26O13.230,T18N14.1	C
UniProtKB	Q9SCZ4	FER	GO:0043680		3702	FER,AAK1,SIR,SRN,At3g51550,F26O13.190	C
UniProtKB	Q9SCZ4	FER	GO:0043680		3702	FER,AAK1,SIR,SRN,At3g51550,F26O13.190	C
UniProtKB	Q9SD46	PER36	GO:0009505		3702	PER36,P36,At3g50990,F24M12.30	C
UniProtKB	Q9SEI3	RPT4A	GO:0009505		3702	RPT4A,At5g43010,MBD2.21	C
UniProtKB	Q9SEI4	RPT3	GO:0009505		3702	RPT3,BIM409,At5g58290,MCK7.16	C
UniProtKB	Q9SF40	RPL4A	GO:0009505		3702	RPL4A,At3g09630,F11F8.22	C
UniProtKB	Q9SGA6	RPS19A	GO:0009505		3702	RPS19A,At3g02080,F1C9.13	C
UniProtKB	Q9SGT7	NOP56	GO:0009505		3702	NOP56,NOP56-LIKE PROTEIN,At1g56110,T6H22.10,T6H22_10	C
UniProtKB	Q9SGZ5	BXL7	GO:0009505		3702	BXL7,At1g78060,F28K19.27,F28K19.32	C
UniProtKB	Q9SI61	ASE1	GO:0009505		3702	ASE1,GPRAT1,At2g16570,F1P15	C
UniProtKB	Q9SIA8	DIR10	GO:0048226		3702	DIR10,ESB1,At2g28670,T8O18.4	C
UniProtKB	Q9SIB9	ACO3	GO:0009505		3702	ACO3,At2g05710,T3P4.5	C
UniProtKB	Q9SIE3	At2g22230	GO:0009505		3702	At2g22230,T26C19.11,T26C19_11	C
UniProtKB	Q9SIH4	CASP1	GO:0048226		3702	CASP1,At2g36100,F9C22.3	C
UniProtKB	Q9SIH4	CASP1	GO:0048226		3702	CASP1,At2g36100,F9C22.3	C
UniProtKB	Q9SIH4	CASP1	GO:0048226		3702	CASP1,At2g36100,F9C22.3	C
UniProtKB	Q9SIT1	TMK3	GO:0009505		3702	TMK3,BLK2,At2g01820,T23K3.1	C
UniProtKB	Q9SIV9	PAP10	GO:0009505		3702	PAP10,AT11,At2g16430,F16F14.7	C
UniProtKB	Q9SIY8	LAC5	GO:0048226		3702	LAC5,LAC1,At2g40370,T3G21.14	C
UniProtKB	Q9SJZ2	PER17	GO:0009505		3702	PER17,P17,At2g22420,F14M13.18	C
UniProtKB	Q9SK22	RPS16A	GO:0009505		3702	RPS16A,At2g09990,F7B19.13	C
UniProtKB	Q9SK35	EXT6	GO:0005199		3702	EXT6,extensin 6,At2g24980,F27C12.10,F27C12_10	F
UniProtKB	Q9SK52	PER18	GO:0009505		3702	PER18,P18,At2g24800,F27C12.28	C
UniProtKB	Q9SM23	ACBP1	GO:0009505		3702	ACBP1,ACBP,At5g53470,MYN8.8	C
UniProtKB	Q9SMU8	PER34	GO:0009505		3702	PER34,P34,PRXCB,At3g49120,F2K15.3,T2J13.40	C
UniProtKB	Q9SMX3	VDAC3	GO:0009505		3702	VDAC3,HSR2,At5g15090,F2G14.210	C
UniProtKB	Q9SN46	LRX5	GO:0005199		3702	LRX5,At4g18670,F28A21.80	F
UniProtKB	Q9SR73	RPS28A	GO:0009505		3702	RPS28A,RPS28B,At3g10090,At5g03850,F8F6_60,MED24.15,T22K18.8	C
UniProtKB	Q9SR73	RPS28A	GO:0009505		3702	RPS28A,RPS28B,At3g10090,At5g03850,F8F6_60,MED24.15,T22K18.8	C
UniProtKB	Q9SRT9	RGP1	GO:0009505		3702	RGP1,At3g02230,F14P3.12	C
UniProtKB	Q9SS67	PER28	GO:0009505		3702	PER28,P28,At3g03670,T12J13.5	C
UniProtKB	Q9SSB7	DGR1	GO:0009505		3702	DGR1,At1g80240,F18B13.30,F18B13_30	C
UniProtKB	Q9STM7	At4g08410	GO:0005199		3702	At4g08410,T28D5.100,T28D5_100	F
UniProtKB	Q9STM8	At4g08400	GO:0005199		3702	At4g08400,T28D5.90,T28D5_90	F
UniProtKB	Q9STN1	At4g08370	GO:0005199		3702	At4g08370,T28D5.60,T28D5_60	F
UniProtKB	Q9STY6	RPS20B	GO:0009505		3702	RPS20B,At3g47370,T21L8.120	C
UniProtKB	Q9SU40	SKU5	GO:0009505		3702	SKU5,At4g12420,T1P17.10	C
UniProtKB	Q9SUC6	FAD-OXR	GO:0009505		3702	FAD-OXR,At4g20860,T13K14.20	C
UniProtKB	Q9SUT2	PER39	GO:0009505		3702	PER39,P39,At4g11290,F8L21.80	C
UniProtKB	Q9SVD1	F22O6_120	GO:0009505		3702	F22O6_120,At3g52500	C
UniProtKB	Q9SVG3	At4g20840	GO:0009505		3702	At4g20840,F21C20.190	C
UniProtKB	Q9SVG4	At4g20830	GO:0009505		3702	At4g20830,F21C20.180	C
UniProtKB	Q9SVG5	At4g20820	GO:0009505		3702	At4g20820,F21C20.170	C
UniProtKB	Q9SVG7	At4g20800	GO:0009505		3702	At4g20800,F21C20.150	C
UniProtKB	Q9SY33	PER7	GO:0009505		3702	PER7,P7,At1g30870,F17F8.26,T17H7.19	C
UniProtKB	Q9SYT0	ANN1	GO:0009505		3702	ANN1,ANNAT1,ANX23-ATH,ATOXY5,OXY5,At1g35720,F14D7.2	C
UniProtKB	Q9SZB9	PER47	GO:0009505		3702	PER47,P47,At4g33420,F17M5.180	C
UniProtKB	Q9SZH2	PER43	GO:0009505		3702	PER43,P43,At4g25980,F14M9.7,F20B18.90	C
UniProtKB	Q9T0K5	LRX3	GO:0009505		3702	LRX3,At4g13340,T9E8.80	C
UniProtKB	Q9T0K5	LRX3	GO:0005199		3702	LRX3,At4g13340,T9E8.80	F
UniProtKB	Q9T0L0	EXT12	GO:0005199		3702	EXT12,extensin 12,At4g13390,T9E8.130,T9E8_130	F
UniProtKB	Q9XIB6	PEX2	GO:0005199		3702	PEX2,At1g49490,F13F21.7	F
UniProtKB	Q9XIL9	PEX3	GO:0005199		3702	PEX3,At2g15880,F19G14.12	F
UniProtKB	Q9ZNT1	CBR1	GO:0009505		3702	CBR1,CBR,At5g17770,MVA3.13	C
UniProtKB	Q9ZNT7	PHB2	GO:0009505		3702	PHB2,At1g03860,F21M11.21	C
UniProtKB	Q9ZP06	At1g53240	GO:0009505		3702	At1g53240,F12M16.14	C
UniProtKB	Q9ZPE7	EXO	GO:0009505		3702	EXO,At4g08950,T3H13.3	C
UniProtKB	Q9ZPE7	EXO	GO:0009505		3702	EXO,At4g08950,T3H13.3	C
UniProtKB	Q9ZPI5	MFP2	GO:0009505		3702	MFP2,At3g06860,F17A9.1	C
UniProtKB	Q9ZPI6	AIM1	GO:0009505		3702	AIM1,At4g29010,F19B15.40	C
UniProtKB	Q9ZPS7	TMN3	GO:0009505		3702	TMN3,EMP9,At2g01970,F14H20.4	C
UniProtKB	Q9ZQI0	EPR1	GO:0005199		3702	EPR1,At2g27380,F10A12,F12K2.4	F
UniProtKB	Q9ZQI0	EPR1	GO:0009530		3702	EPR1,At2g27380,F10A12,F12K2.4	C
UniProtKB	Q9ZQI2	CASP3	GO:0048226		3702	CASP3,At2g27370,F10A12.5,F12K2.5	C
UniProtKB	Q9ZQI2	CASP3	GO:0048226		3702	CASP3,At2g27370,F10A12.5,F12K2.5	C
UniProtKB	Q9ZT91	TUFA	GO:0009505		3702	TUFA,At4g02930,T4I9.19,T5J8.25	C
UniProtKB	Q9ZU46	ZAR1	GO:0009505		3702	ZAR1,At2g01210,F10A8.9	C
UniProtKB	Q9ZUA0	OST1B	GO:0009505		3702	OST1B,RPN1B,At2g01720,T8O11.11	C
UniProtKB	Q9ZUC3	At1g23720	GO:0005199		3702	At1g23720,F5O8.27,F5O8_27	F
UniProtKB	Q9ZUT9	RPS5A	GO:0009505		3702	RPS5A,At2g37270,F3G5.6	C
UniProtKB	Q9ZV04	PER24	GO:0009505		3702	PER24,P24,At2g39040,T7F6.21	C
UniProtKB	Q9ZV34	CBP1	GO:0009505		3702	CBP1,At2g28790,F8N16.8,F8N16_8	C
UniProtKB	Q9ZVA2	At1g78830	GO:0009505		3702	At1g78830,F9K20.12	C
UniProtKB	Q9ZW80	At2g43150	GO:0005199		3702	At2g43150,F14B2.9	F
UniProtKB	Q9ZWC4	At1g04040	GO:0009505		3702	At1g04040,F21M11.2,F21M11_2	C
UniProtKB	O13692	gas5	GO:0009277		284812	gas5,SPAC11E3.13c	C
UniProtKB	O13692	gas5	GO:0009277		284812	gas5,SPAC11E3.13c	C
UniProtKB	O13766	mde10	GO:0005619		284812	mde10,mug139,SPAC17A5.04c	C
UniProtKB	O13766	mde10	GO:0005619		284812	mde10,mug139,SPAC17A5.04c	C
UniProtKB	O13766	mde10	GO:0031160		284812	mde10,mug139,SPAC17A5.04c	C
UniProtKB	O13842	cda1	GO:0005631		284812	cda1,SPAC19G12.03	C
UniProtKB	O13857	SPAC1A6.03c	GO:0009277		284812	SPAC1A6.03c	C
UniProtKB	O13960	ecm33	GO:0009277		284812	ecm33,SPAC1705.03c,SPAC1F2.01,SPAC23H4.19	C
UniProtKB	O13960	ecm33	GO:0009277		284812	ecm33,SPAC1705.03c,SPAC1F2.01,SPAC23H4.19	C
UniProtKB	O13990	bgl2	GO:0009277		284812	bgl2,SPAC26H5.08c	C
UniProtKB	O13990	bgl2	GO:0009277		284812	bgl2,SPAC26H5.08c	C
UniProtKB	O13992	mug56	GO:0005619		284812	mug56,SPAC26H5.11	C
UniProtKB	O42658	omt2	GO:0031160		284812	omt2,SPAC27D7.04	C
UniProtKB	O43015	SPBC2G2.17c	GO:0009277		284812	SPBC2G2.17c	C
UniProtKB	O43015	SPBC2G2.17c	GO:0009277		284812	SPBC2G2.17c	C
UniProtKB	O59774	yps1	GO:0009277		284812	yps1,SPCC1795.09	C
UniProtKB	O74346	map4	GO:0070263		284812	map4,SPBC21D10.06c	C
UniProtKB	O74411	meu10	GO:0009277		284812	meu10,SPCC1223.12c	C
UniProtKB	O74411	meu10	GO:0005619		284812	meu10,SPCC1223.12c	C
UniProtKB	O74411	meu10	GO:0031160		284812	meu10,SPCC1223.12c	C
UniProtKB	O74922	aah1	GO:0009277		284812	aah1,SPCC757.12	C
UniProtKB	O94549	SPCC1322.10	GO:0009277		284812	SPCC1322.10	C
UniProtKB	P08091	pho1	GO:0009277		284812	pho1,SPBP4G3.02	C
UniProtKB	P0CU02	SPAC977.09c	GO:0009277		284812	SPAC977.09c	C
UniProtKB	P0CU05	pfl6	GO:0010339		284812	pfl6,SPAC977.07c	C
UniProtKB	P40899	isp3	GO:1990916		284812	isp3,meu4,SPAC1F8.05	C
UniProtKB	P40899	isp3	GO:1990915		284812	isp3,meu4,SPAC1F8.05	F
UniProtKB	P40899	isp3	GO:1990916		284812	isp3,meu4,SPAC1F8.05	C
UniProtKB	P78958	tdh1	GO:0009277		284812	tdh1,gpd1,SPBC32F12.11	C
UniProtKB	Q01682	pho4	GO:0009277		284812	pho4,SPBC428.03c	C
UniProtKB	Q09788	asl1	GO:0009277		284812	asl1,SPAC13G6.10c	C
UniProtKB	Q09788	asl1	GO:0009277		284812	asl1,SPAC13G6.10c	C
UniProtKB	Q09788	asl1	GO:0010339		284812	asl1,SPAC13G6.10c	C
UniProtKB	Q09850	eng2	GO:0009277		284812	eng2,SPAC23D3.10c	C
UniProtKB	Q09854	mok11	GO:0009277		284812	mok11,SPAC1527.01,SPAC23D3.15	C
UniProtKB	Q10196	SPBC11C11.05	GO:0009277		284812	SPBC11C11.05	C
UniProtKB	Q10287	bgs1	GO:0009277		284812	bgs1,cps1,drc1,SPBC19G7.05c	C
UniProtKB	Q7Z9I1	pfl4	GO:0010339		284812	pfl4,SPCC188.09c	C
UniProtKB	Q874R4	pfl3	GO:0010339		284812	pfl3,SPBC947.04	C
UniProtKB	Q92344	pfl8	GO:0010339		284812	pfl8,fta5,sma5,SPAC1F8.06	C
UniProtKB	Q96WV6	SPBPJ4664.02	GO:0010339		284812	SPBPJ4664.02	C
UniProtKB	Q9C105	SPAPB1E7.04c	GO:0009277		284812	SPAPB1E7.04c	C
UniProtKB	Q9HDY9	mam3	GO:0070263		284812	mam3,SPAP11E10.02c,SPAPB1A10.01c	C
UniProtKB	Q9P378	gas1	GO:0009277		284812	gas1,SPAC19B12.02c	C
UniProtKB	Q9P378	gas1	GO:0009277		284812	gas1,SPAC19B12.02c	C
UniProtKB	Q9P378	gas1	GO:0043188		284812	gas1,SPAC19B12.02c	C
UniProtKB	Q9P5N1	pfl7	GO:0010339		284812	pfl7,SPBC359.04c	C
UniProtKB	Q9P7Q2	pfl9	GO:0010339		284812	pfl9,SPAC186.01	C
UniProtKB	Q9P7X4	SPBP23A10.11c	GO:0009277		284812	SPBP23A10.11c	C
UniProtKB	Q9P7X4	SPBP23A10.11c	GO:0009277		284812	SPBP23A10.11c	C
UniProtKB	Q9UR09	psu1	GO:0009277		284812	psu1,SPAC1002.13c	C
UniProtKB	Q9UR09	psu1	GO:0009277		284812	psu1,SPAC1002.13c	C
UniProtKB	Q9URX4	SPAC1039.11c	GO:0031160		284812	SPAC1039.11c,SPAC922.02c	C
UniProtKB	Q9USK8	ags1	GO:0009277		284812	ags1,mok1,SPCC1281.01,SPCC17A7.01,SPCC338.01c	C
UniProtKB	Q9USK8	ags1	GO:0005619		284812	ags1,mok1,SPCC1281.01,SPCC17A7.01,SPCC338.01c	C
UniProtKB	Q9USU5	gas2	GO:0009277		284812	gas2,SPBC29A10.08	C
UniProtKB	Q9USU5	gas2	GO:0043188		284812	gas2,SPBC29A10.08	C
UniProtKB	Q9USU5	gas2	GO:0043188		284812	gas2,SPBC29A10.08	C
UniProtKB	Q9USW3	SPBC21B10.07	GO:0009277		284812	SPBC21B10.07	C
UniProtKB	Q9UTH5	SPAC1786.02	GO:0009277		284812	SPAC1786.02	C
UniProtKB	Q9UUL4	mok12	GO:0009277		284812	mok12,SPBC32H8.13c,pi011	C
UniProtKB	Q9UUL4	mok12	GO:0005619		284812	mok12,SPBC32H8.13c,pi011	C
UniProtKB	Q9Y704	mok14	GO:0009277		284812	mok14,SPCC63.04	C
UniProtKB	Q9Y704	mok14	GO:0005619		284812	mok14,SPCC63.04	C
UniProtKB	Q9Y719	mok13	GO:0009277		284812	mok13,SPBC16D10.05	C
UniProtKB	Q9Y7N6	SPCC1450.09c	GO:0009277		284812	SPCC1450.09c	C
UniProtKB	Q9Y7S9	aah3	GO:0009277		284812	aah3,SPCC63.02c	C
UniProtKB	Q9Y7Y7	gas4	GO:0009277		284812	gas4,SPBC342.03	C
UniProtKB	A0A6A5PQ89	SCW10	GO:0009277		4932	SCW10,GI527_G0004762	C
UniProtKB	A0A6A5PU72	CWP1	GO:0005199		4932	CWP1,GI527_G0003542	F
UniProtKB	A0A6A5PVP7	BGL2	GO:0009277		4932	BGL2,GI527_G0002717	C
UniProtKB	A0A6A5PVQ3	CWP2	GO:0005199		4932	CWP2,GI527_G0003541	F
UniProtKB	A0A6A5PW28	ANS1	GO:0005199		4932	ANS1,GI527_G0002925	F
UniProtKB	A0A6L1B8M5	PIR5	GO:0005199		4932	PIR5,GI527_G0003089	F
UniProtKB	A0A815XFL7	SED1	GO:0005199		1220494		F
UniProtKB	A0A815XTR4	FIT1	GO:0009277		1220494		C
UniProtKB	A0A815Y891	TIR1	GO:0005199		1220494		F
UniProtKB	A0A815YBS0	SPI1	GO:0005199		1220494		F
UniProtKB	A0A815YHR1	C2U11_1883	GO:0009277		1220494		C
UniProtKB	A0A815YN98	SCW11	GO:0009277		1220494		C
UniProtKB	A0A815YRT9	AGA2	GO:0009277		1220494		C
UniProtKB	A0A815YVC9	BGL2	GO:0009277		1220494		C
UniProtKB	A0A815YVD8	SCW4	GO:0009277		1220494		C
UniProtKB	A0A815Z616	ANS1	GO:0005199		1220494		F
UniProtKB	A0A815ZBU6	C2U11_2734	GO:0009277		1220494		C
UniProtKB	A0A815ZFE9	HSP150	GO:0005199		1220494		F
UniProtKB	A0A815ZHA6	C2U11_3010	GO:0005199		1220494		F
UniProtKB	A0A815ZKV2	CIS3	GO:0005199		1220494		F
UniProtKB	A0A815ZQ79	PIR3	GO:0005199		1220494		F
UniProtKB	A0A815ZSY9	CWP2	GO:0005199		1220494		F
UniProtKB	A0A815ZW19	PIR1	GO:0005199		1220494		F
UniProtKB	A0A815ZZW3	CWP1	GO:0005199		1220494		F
UniProtKB	A0A816ALG7	SCW10	GO:0009277		1220494		C
UniProtKB	A0A816B9Q6	TIR2	GO:0005199		1220494		F
UniProtKB	A0A816BGM3	FIT2	GO:0009277		1220494		C
UniProtKB	A0A8H4BUP0	TIR2	GO:0005199		4932	TIR2,GI527_G0005381	F
UniProtKB	A0A8H4BVA7	HPF1	GO:0009277		4932	HPF1,GI527_G0005205	C
UniProtKB	A0A8H4BW68	FIT2	GO:0009277		4932	FIT2,GI527_G0005752	C
UniProtKB	A0A8H4BZB1	PIR1	GO:0005199		4932	PIR1,GI527_G0003476	F
UniProtKB	A0A8H4C228	AGA2	GO:0009277		4932	AGA2,GI527_G0002389	C
UniProtKB	A0A8H4F8Y4	PIR3	GO:0005199		4932	PIR3,GI527_G0003477	F
UniProtKB	A0A8H4F8Z5	CIS3	GO:0005199		4932	CIS3,GI527_G0003091	F
UniProtKB	A0A8H4F989	HSP150	GO:0005199		4932	HSP150,GI527_G0003090	F
UniProtKB	A0A8H4F9B2	CSS1	GO:0009277		4932	CSS1,GI527_G0001477	C
UniProtKB	A0A8H4FCV6	SCW11	GO:0009277		4932	SCW11,GI527_G0002394	C
UniProtKB	A0A8H8UL09	SCW4	GO:0009277		4932	SCW4,GI527_G0002714	C
UniProtKB	A0A8H8ULM2	TIR1	GO:0005199		4932	TIR1,GI527_G0001799	F
UniProtKB	A0A8H8UM14	SPI1	GO:0005199		4932	SPI1,GI527_G0001965	F
UniProtKB	A0A8H8UMZ3	SED1	GO:0005199		4932	SED1,GI527_G0001005	F
UniProtKB	A0A8H8UP63	FIT1	GO:0009277		4932	FIT1,GI527_G0001466	C
UniProtKB	A6ZN21	SCW10	GO:0009277		307796	SCW10,SCY_4487	C
UniProtKB	A6ZNL6	TIR2	GO:0005199		307796	TIR2,SCY_5084	F
UniProtKB	A6ZPL0	FIT2	GO:0009277		307796	FIT2,SCY_5425	C
UniProtKB	A6ZQH2	PIR5	GO:0005199		307796	PIR5,SCY_3133	F
UniProtKB	A6ZQH3	HSP150	GO:0005199		307796	HSP150,SCY_3134	F
UniProtKB	A6ZQH4	CIS3	GO:0005199		307796	CIS3,SCY_3135	F
UniProtKB	A6ZQV8	TIR1	GO:0005199		307796	TIR1,SCY_1505	F
UniProtKB	A6ZRA7	SPI1	GO:0005199		307796	SPI1,SCY_1654	F
UniProtKB	A6ZSJ9	SCY_2333	GO:0009277		307796	SCY_2333	C
UniProtKB	A6ZT33	SCY_2517	GO:0005199		307796	SCY_2517	F
UniProtKB	A6ZUT5	SCW4	GO:0009277		307796	SCW4,SCY_2168	C
UniProtKB	A6ZUT8	BGL2	GO:0009277		307796	BGL2,SCY_2171	C
UniProtKB	A6ZUW2	AGA2	GO:0009277		307796	AGA2,SCY_2195	C
UniProtKB	A6ZUW6	SCW11	GO:0009277		307796	SCW11,SCY_2199	C
UniProtKB	A6ZVB0	SCY_2626	GO:0009277		307796	SCY_2626	C
UniProtKB	A6ZY42	SED1	GO:0005199		307796	SED1,SCY_0980	F
UniProtKB	A6ZZC1	FIT1	GO:0009277		307796	FIT1,SCY_1410	C
UniProtKB	A6ZZG0	PIR1	GO:0005199		307796	PIR1,SCY_3220	F
UniProtKB	A6ZZG1	PIR3	GO:0005199		307796	PIR3,SCY_3221	F
UniProtKB	A6ZZM0	CWP2	GO:0005199		307796	CWP2,SCY_3280	F
UniProtKB	A6ZZM1	CWP1	GO:0005199		307796	CWP1,SCY_3281	F
UniProtKB	B3LFD7	SCRG_00009	GO:0009277		285006	SCRG_00009	C
UniProtKB	B3LGJ3	SCRG_00438	GO:0005199		285006	SCRG_00438	F
UniProtKB	B3LHW3	SCRG_00745	GO:0009277		285006	SCRG_00745	C
UniProtKB	B3LHW6	SCRG_00748	GO:0009277		285006	SCRG_00748	C
UniProtKB	B3LIP1	SCRG_01035	GO:0009277		285006	SCRG_01035	C
UniProtKB	B3LIP4	SCRG_01039	GO:0009277		285006	SCRG_01039	C
UniProtKB	B3LIR5	SCRG_01253	GO:0009277		285006	SCRG_01253	C
UniProtKB	B3LJ66	SCRG_01413	GO:0005199		285006	SCRG_01413	F
UniProtKB	B3LK36	SCRG_01755	GO:0009277		285006	SCRG_01755	C
UniProtKB	B3LMJ3	SCRG_02202	GO:0009277		285006	SCRG_02202	C
UniProtKB	B3LPW3	PIR5	GO:0005199		285006	PIR5,SCRG_03516	F
UniProtKB	B3LPW4	HSP150	GO:0005199		285006	HSP150,SCRG_03517	F
UniProtKB	B3LQU0	PIR1	GO:0005199		285006	PIR1,SCRG_03863	F
UniProtKB	B3LQU1	PIR3	GO:0005199		285006	PIR3,SCRG_03864	F
UniProtKB	B3LQZ7	SCRG_03924	GO:0005199		285006	SCRG_03924	F
UniProtKB	B3LQZ8	SCRG_03925	GO:0005199		285006	SCRG_03925	F
UniProtKB	B3LRR3	SCRG_04624	GO:0005199		285006	SCRG_04624	F
UniProtKB	B3LS23	SCRG_04478	GO:0005199		285006	SCRG_04478	F
UniProtKB	B3LSP0	SCRG_04838	GO:0005199		285006	SCRG_04838	F
UniProtKB	B3LU14	SCRG_05339	GO:0009277		285006	SCRG_05339	C
UniProtKB	B5VFX3	AWRI1631_42960	GO:0005199		545124	AWRI1631_42960	F
UniProtKB	B5VHE2	AWRI1631_50790	GO:0005199		545124	AWRI1631_50790	F
UniProtKB	B5VHS9	AWRI1631_52200	GO:0005199		545124	AWRI1631_52200	F
UniProtKB	B5VIT3	AWRI1631_72100	GO:0009277		545124	AWRI1631_72100	C
UniProtKB	B5VJM6	AWRI1631_75070	GO:0009277		545124	AWRI1631_75070	C
UniProtKB	B5VL25	PIR5	GO:0005199		545124	PIR5,AWRI1631_100490	F
UniProtKB	B5VL26	HSP150	GO:0005199		545124	HSP150,AWRI1631_100500	F
UniProtKB	B5VL27	CIS3	GO:0005199		545124	CIS3,AWRI1631_100510	F
UniProtKB	B5VM01	AWRI1631_110650	GO:0005199		545124	AWRI1631_110650	F
UniProtKB	B5VM61	AWRI1631_111250	GO:0005199		545124	AWRI1631_111250	F
UniProtKB	B5VM62	AWRI1631_111260	GO:0005199		545124	AWRI1631_111260	F
UniProtKB	B5VRR3	AWRI1631_151710	GO:0005199		545124	AWRI1631_151710	F
UniProtKB	B5VU05	AWRI1631_11110010	GO:0009277		545124	AWRI1631_11110010	C
UniProtKB	C7GKI9	TIR1	GO:0005199		574961	TIR1,C1Q_00707	F
UniProtKB	C7GLE2	TIR2	GO:0005199		574961	TIR2,C1Q_01056	F
UniProtKB	C7GNF3	BGL2	GO:0009277		574961	BGL2,C1Q_01813	C
UniProtKB	C7GNF6	SCW4	GO:0009277		574961	SCW4,C1Q_01839	C
UniProtKB	C7GPV8	SCW10	GO:0009277		574961	SCW10,C1Q_02338	C
UniProtKB	C7GQ46	SPI1	GO:0005199		574961	SPI1,C1Q_02451	F
UniProtKB	C7GR70	C1Q_02836	GO:0005199		574961	C1Q_02836	F
UniProtKB	C7GRY8	C1Q_03148	GO:0005199		574961	C1Q_03148	F
UniProtKB	C7GS97	SCW11	GO:0009277		574961	SCW11,C1Q_03248	C
UniProtKB	C7GT49	AGA2	GO:0009277		574961	AGA2,C1Q_03579	C
UniProtKB	C7GT73	PIR3	GO:0005199		574961	PIR3,C1Q_03603	F
UniProtKB	C7GVG4	FIT2	GO:0009277		574961	FIT2,C1Q_04457	C
UniProtKB	C7GVL3	CWP2	GO:0005199		574961	CWP2,C1Q_04484	F
UniProtKB	C7GVL4	CWP1	GO:0005199		574961	CWP1,C1Q_04514	F
UniProtKB	C7GVR0	SED1	GO:0005199		574961	SED1,C1Q_04545	F
UniProtKB	C7GYF7	C1Q_05664	GO:0009277		574961	C1Q_05664	C
UniProtKB	C8Z694	EC1118_1D0_8581g	GO:0009277		643680	EC1118_1D0_8581g	C
UniProtKB	C8Z711	EC1118_1E8_1068g	GO:0005199		643680	EC1118_1E8_1068g	F
UniProtKB	C8Z7H3	EC1118_1E8_2949g	GO:0005199		643680	EC1118_1E8_2949g	F
UniProtKB	C8Z7M8	EC1118_1F14_0221g	GO:0009277		643680	EC1118_1F14_0221g	C
UniProtKB	C8Z8L0	EC1118_1G1_2619g	GO:0009277		643680	EC1118_1G1_2619g	C
UniProtKB	C8Z8L4	EC1118_1G1_2663g	GO:0009277		643680	EC1118_1G1_2663g	C
UniProtKB	C8Z9H2	EC1118_1G1_6194g	GO:0009277		643680	EC1118_1G1_6194g	C
UniProtKB	C8Z9H5	EC1118_1G1_6227g	GO:0009277		643680	EC1118_1G1_6227g	C
UniProtKB	C8Z9R9	EC1118_1H13_0936g	GO:0005199		643680	EC1118_1H13_0936g	F
UniProtKB	C8ZAU5	EC1118_1I12_0001g	GO:0009277		643680	EC1118_1I12_0001g	C
UniProtKB	C8ZB06	EC1118_1J11_0793g	GO:0005199		643680	EC1118_1J11_0793g	F
UniProtKB	C8ZB59	EC1118_1J11_0771g	GO:0005199		643680	EC1118_1J11_0771g	F
UniProtKB	C8ZB60	EC1118_1J11_0782g	GO:0005199		643680	EC1118_1J11_0782g	F
UniProtKB	C8ZC10	EC1118_1K5_0617g	GO:0005199		643680	EC1118_1K5_0617g	F
UniProtKB	C8ZC11	EC1118_1K5_0628g	GO:0005199		643680	EC1118_1K5_0628g	F
UniProtKB	C8ZC78	EC1118_1K5_1431g	GO:0005199		643680	EC1118_1K5_1431g	F
UniProtKB	C8ZC79	EC1118_1K5_1442g	GO:0005199		643680	EC1118_1K5_1442g	F
UniProtKB	C8ZFH4	EC1118_1M3_5215g	GO:0009277		643680	EC1118_1M3_5215g	C
UniProtKB	C8ZGP9	EC1118_1O30_0001g	GO:0009277		643680	EC1118_1O30_0001g	C
UniProtKB	C8ZHD0	EC1118_1O4_6337g	GO:0009277		643680	EC1118_1O4_6337g	C
UniProtKB	C8ZHG3	EC1118_1O4_0078g	GO:0009277		643680	EC1118_1O4_0078g	C
UniProtKB	C8ZHX5	EC1118_1O4_2003g	GO:0005199		643680	EC1118_1O4_2003g	F
UniProtKB	D4QF12	SED1	GO:0005199		4932	SED1	F
UniProtKB	F8KAD8	BGL2	GO:0009277		4932	BGL2	C
UniProtKB	G2WAI1	K7_SED1	GO:0005199		721032	K7_SED1,SYK7_012341	F
UniProtKB	G2WBR1	K7_FIT1	GO:0009277		721032	K7_FIT1,SYK7_017721	C
UniProtKB	G2WCP2	K7_TIR1	GO:0005199		721032	K7_TIR1,SYK7_019321	F
UniProtKB	G2WD37	K7_SPI1	GO:0005199		721032	K7_SPI1,SYK7_021431	F
UniProtKB	G2WE62	K7_AGA2	GO:0009277		721032	K7_AGA2,SYK7_026361	C
UniProtKB	G2WE66	K7_SCW11	GO:0009277		721032	K7_SCW11,SYK7_026401	C
UniProtKB	G2WF02	K7_SCW4	GO:0009277		721032	K7_SCW4,SYK7_030021	C
UniProtKB	G2WF05	K7_BGL2	GO:0009277		721032	K7_BGL2,SYK7_030051	C
UniProtKB	G2WFJ9	K7_YHR126C	GO:0005199		721032	K7_YHR126C,SYK7_032621	F
UniProtKB	G2WFT9	K7_03371	GO:0009277		721032	K7_03371,SYK7_033711	C
UniProtKB	G2WGL3	K7_YJL160C	GO:0005199		721032	K7_YJL160C,SYK7_037231	F
UniProtKB	G2WGL4	K7_03725	GO:0005199		721032	K7_03725,SYK7_037251	F
UniProtKB	G2WGL5	K7_CIS3	GO:0005199		721032	K7_CIS3,SYK7_037261	F
UniProtKB	G2WHM7	K7_PIR1	GO:0005199		721032	K7_PIR1,SYK7_041741	F
UniProtKB	G2WHM8	K7_PIR3	GO:0005199		721032	K7_PIR3,SYK7_041751	F
UniProtKB	G2WHT7	K7_CWP2	GO:0005199		721032	K7_CWP2,SYK7_042461	F
UniProtKB	G2WL14	K7_SCW10	GO:0009277		721032	K7_SCW10,SYK7_056641	C
UniProtKB	G2WMP1	K7_TIR2	GO:0005199		721032	K7_TIR2,SYK7_063861	F
UniProtKB	G2WNP2	K7_FIT2	GO:0009277		721032	K7_FIT2,SYK7_067881	C
UniProtKB	N1NWA6	CENPK1137D_2396	GO:0009277		889517	CENPK1137D_2396	C
UniProtKB	N1P0F1	CENPK1137D_1474	GO:0005199		889517	CENPK1137D_1474	F
UniProtKB	N1P0H8	CENPK1137D_906	GO:0005199		889517	CENPK1137D_906	F
UniProtKB	N1P143	CENPK1137D_1146	GO:0005199		889517	CENPK1137D_1146	F
UniProtKB	N1P2X0	CENPK1137D_2032	GO:0005199		889517	CENPK1137D_2032	F
UniProtKB	N1P3P2	CENPK1137D_2939	GO:0009277		889517	CENPK1137D_2939	C
UniProtKB	N1P465	CENPK1137D_3246	GO:0009277		889517	CENPK1137D_3246	C
UniProtKB	N1P4I5	CENPK1137D_3249	GO:0009277		889517	CENPK1137D_3249	C
UniProtKB	N1P4Q0	CENPK1137D_5272	GO:0005199		889517	CENPK1137D_5272	F
UniProtKB	N1P5D7	CENPK1137D_3564	GO:0005199		889517	CENPK1137D_3564	F
UniProtKB	N1P635	CENPK1137D_350	GO:0009277		889517	CENPK1137D_350	C
UniProtKB	N1P7R2	CENPK1137D_905	GO:0005199		889517	CENPK1137D_905	F
UniProtKB	N1P910	CENPK1137D_1475	GO:0005199		889517	CENPK1137D_1475	F
UniProtKB	N1P9S5	CENPK1137D_2943	GO:0009277		889517	CENPK1137D_2943	C
UniProtKB	N1PAC8	CENPK1137D_3898	GO:0005199		889517	CENPK1137D_3898	F
UniProtKB	O13547	CCW14	GO:0009277		559292	CCW14,ICWP,SSR1,YLR390W-A,YLR391W-A	C
UniProtKB	O13547	CCW14	GO:0009277		559292	CCW14,ICWP,SSR1,YLR390W-A,YLR391W-A	C
UniProtKB	O13547	CCW14	GO:0009277		559292	CCW14,ICWP,SSR1,YLR390W-A,YLR391W-A	C
UniProtKB	O13547	CCW14	GO:0005199		559292	CCW14,ICWP,SSR1,YLR390W-A,YLR391W-A	F
UniProtKB	P00358	TDH2	GO:0009277		559292	TDH2,GPD2,YJR009C,J1433	C
UniProtKB	P00359	TDH3	GO:0009277		559292	TDH3,GPD3,YGR192C,G7576	C
UniProtKB	P00360	TDH1	GO:0009277		559292	TDH1,GPD1,SSS2,YJL052W,J1154	C
UniProtKB	P00635	PHO5	GO:0009277		559292	PHO5,YBR093C,YBR0814	C
UniProtKB	P00635	PHO5	GO:0009277		559292	PHO5,YBR093C,YBR0814	C
UniProtKB	P08459	SPS2	GO:0009277		559292	SPS2,YDR522C,D9719.26	C
UniProtKB	P08459	SPS2	GO:0009277		559292	SPS2,YDR522C,D9719.26	C
UniProtKB	P0CE85	PAU19	GO:0009277		559292	PAU19,YMR325W,YM9924.17	C
UniProtKB	P0CE85	PAU19	GO:0005199		559292	PAU19,YMR325W,YM9924.17	F
UniProtKB	P0CE86	PAU21	GO:0009277		559292	PAU21,YOR394W	C
UniProtKB	P0CE86	PAU21	GO:0005199		559292	PAU21,YOR394W	F
UniProtKB	P0CE87	PAU22	GO:0009277		559292	PAU22,YPL282C	C
UniProtKB	P0CE87	PAU22	GO:0005199		559292	PAU22,YPL282C	F
UniProtKB	P0CE88	PAU1	GO:0009277		559292	PAU1,YJL223C,HRD120,J0208	C
UniProtKB	P0CE88	PAU1	GO:0005199		559292	PAU1,YJL223C,HRD120,J0208	F
UniProtKB	P0CE89	PAU14	GO:0009277		559292	PAU14,YIL176C	C
UniProtKB	P0CE89	PAU14	GO:0005199		559292	PAU14,YIL176C	F
UniProtKB	P0CE90	PAU6	GO:0009277		559292	PAU6,YNR076W,N3825	C
UniProtKB	P0CE90	PAU6	GO:0005199		559292	PAU6,YNR076W,N3825	F
UniProtKB	P0CE91	PAU18	GO:0009277		559292	PAU18,YLL064C,L0543	C
UniProtKB	P0CE91	PAU18	GO:0005199		559292	PAU18,YLL064C,L0543	F
UniProtKB	P0CE92	PAU8	GO:0009277		559292	PAU8,YAL068C	C
UniProtKB	P0CE92	PAU8	GO:0005199		559292	PAU8,YAL068C	F
UniProtKB	P0CE93	PAU11	GO:0009277		559292	PAU11,YGL261C,NRF120	C
UniProtKB	P0CE93	PAU11	GO:0005199		559292	PAU11,YGL261C,NRF120	F
UniProtKB	P10591	SSA1	GO:0009277		559292	SSA1,YAL005C	C
UniProtKB	P10592	SSA2	GO:0009277		559292	SSA2,YLL024C,L0931	C
UniProtKB	P10863	TIR1	GO:0009277		559292	TIR1,SRP1,YER011W	C
UniProtKB	P10863	TIR1	GO:0005199		559292	TIR1,SRP1,YER011W	F
UniProtKB	P10863	TIR1	GO:0005199		559292	TIR1,SRP1,YER011W	F
UniProtKB	P12630	BAR1	GO:0009277		559292	BAR1,SST1,YIL015W	C
UniProtKB	P12630	BAR1	GO:0009277		559292	BAR1,SST1,YIL015W	C
UniProtKB	P15703	BGL2	GO:0009277		559292	BGL2,SCW9,YGR282C	C
UniProtKB	P15703	BGL2	GO:0009277		559292	BGL2,SCW9,YGR282C	C
UniProtKB	P15703	BGL2	GO:0009277		559292	BGL2,SCW9,YGR282C	C
UniProtKB	P15703	BGL2	GO:0009277		559292	BGL2,SCW9,YGR282C	C
UniProtKB	P17260	KRE1	GO:0009277		559292	KRE1,YNL322C,N0336	C
UniProtKB	P17260	KRE1	GO:0005199		559292	KRE1,YNL322C,N0336	F
UniProtKB	P20840	SAG1	GO:0009277		559292	SAG1,AGAL1,YJR004C,J1418	C
UniProtKB	P20840	SAG1	GO:0009277		559292	SAG1,AGAL1,YJR004C,J1418	C
UniProtKB	P22146	GAS1	GO:0009277		559292	GAS1,GGP1,YMR307W,YM9952.09	C
UniProtKB	P22146	GAS1	GO:0009277		559292	GAS1,GGP1,YMR307W,YM9952.09	C
UniProtKB	P22146	GAS1	GO:0009277		559292	GAS1,GGP1,YMR307W,YM9952.09	C
UniProtKB	P22146	GAS1	GO:0005621		559292	GAS1,GGP1,YMR307W,YM9952.09	C
UniProtKB	P23776	EXG1	GO:0009277		559292	EXG1,BGL1,SCW6,YLR300W,L8003.3	C
UniProtKB	P24031	PHO3	GO:0009277		559292	PHO3,YBR092C,YBR0813	C
UniProtKB	P25342	CDC10	GO:0005619		559292	CDC10,YCR002C,YCR022,YCR2C	C
UniProtKB	P25380	SPS22	GO:0009277		559292	SPS22,YCL048W,YCL48W	C
UniProtKB	P25381	RRT12	GO:0005619		559292	RRT12,OSW3,YCR045C,YCR45C	C
UniProtKB	P25381	RRT12	GO:0031160		559292	RRT12,OSW3,YCR045C,YCR45C	C
UniProtKB	P25610	PAU3	GO:0009277		559292	PAU3,YCR104W	C
UniProtKB	P25610	PAU3	GO:0005199		559292	PAU3,YCR104W	F
UniProtKB	P25653	FIG2	GO:0009277		559292	FIG2,YCR089W,YCR1102,YCR89W	C
UniProtKB	P25653	FIG2	GO:0009277		559292	FIG2,YCR089W,YCR1102,YCR89W	C
UniProtKB	P25653	FIG2	GO:0009277		559292	FIG2,YCR089W,YCR1102,YCR89W	C
UniProtKB	P27654	TIP1	GO:0009277		559292	TIP1,YBR067C,YBR0622	C
UniProtKB	P27654	TIP1	GO:0005199		559292	TIP1,YBR067C,YBR0622	F
UniProtKB	P27654	TIP1	GO:0009277		559292	TIP1,YBR067C,YBR0622	C
UniProtKB	P27654	TIP1	GO:0009277		559292	TIP1,YBR067C,YBR0622	C
UniProtKB	P27654	TIP1	GO:0005199		559292	TIP1,YBR067C,YBR0622	F
UniProtKB	P28319	CWP1	GO:0009277		559292	CWP1,YKL096W,YJU1,YKL443	C
UniProtKB	P28319	CWP1	GO:0005199		559292	CWP1,YKL096W,YJU1,YKL443	F
UniProtKB	P28319	CWP1	GO:0005199		559292	CWP1,YKL096W,YJU1,YKL443	F
UniProtKB	P28319	CWP1	GO:0071597		559292	CWP1,YKL096W,YJU1,YKL443	C
UniProtKB	P28319	CWP1	GO:0009277		559292	CWP1,YKL096W,YJU1,YKL443	C
UniProtKB	P28319	CWP1	GO:0009277		559292	CWP1,YKL096W,YJU1,YKL443	C
UniProtKB	P28319	CWP1	GO:0005199		559292	CWP1,YKL096W,YJU1,YKL443	F
UniProtKB	P29029	CTS1	GO:0009277		559292	CTS1,SCW2,YLR286C,L8003.13	C
UniProtKB	P29029	CTS1	GO:0009277		559292	CTS1,SCW2,YLR286C,L8003.13	C
UniProtKB	P31379	LDS1	GO:0005619		559292	LDS1,YAL018C,YAL003	C
UniProtKB	P31379	LDS1	GO:0005619		559292	LDS1,YAL018C,YAL003	C
UniProtKB	P31379	LDS1	GO:0031160		559292	LDS1,YAL018C,YAL003	C
UniProtKB	P32323	AGA1	GO:0009277		559292	AGA1,YNR044W,N3431	C
UniProtKB	P32323	AGA1	GO:0009277		559292	AGA1,YNR044W,N3431	C
UniProtKB	P32329	YPS1	GO:0009277		559292	YPS1,YAP3,YLR120C,L2961,L9233.9	C
UniProtKB	P32457	CDC3	GO:0005619		559292	CDC3,YLR314C,L8543.7	C
UniProtKB	P32457	CDC3	GO:0005619		559292	CDC3,YLR314C,L8543.7	C
UniProtKB	P32458	CDC11	GO:0005619		559292	CDC11,PSL9,YJR076C,J1833	C
UniProtKB	P32458	CDC11	GO:0005619		559292	CDC11,PSL9,YJR076C,J1833	C
UniProtKB	P32468	CDC12	GO:0005621		559292	CDC12,CLA10,PSL7,YHR107C	C
UniProtKB	P32468	CDC12	GO:0005619		559292	CDC12,CLA10,PSL7,YHR107C	C
UniProtKB	P32478	HSP150	GO:0009277		559292	HSP150,CCW7,ORE1,PIR2,YJL159W,J0558	C
UniProtKB	P32478	HSP150	GO:0005199		559292	HSP150,CCW7,ORE1,PIR2,YJL159W,J0558	F
UniProtKB	P32478	HSP150	GO:0005199		559292	HSP150,CCW7,ORE1,PIR2,YJL159W,J0558	F
UniProtKB	P32478	HSP150	GO:0009277		559292	HSP150,CCW7,ORE1,PIR2,YJL159W,J0558	C
UniProtKB	P32478	HSP150	GO:0009277		559292	HSP150,CCW7,ORE1,PIR2,YJL159W,J0558	C
UniProtKB	P32478	HSP150	GO:0009277		559292	HSP150,CCW7,ORE1,PIR2,YJL159W,J0558	C
UniProtKB	P32478	HSP150	GO:0005199		559292	HSP150,CCW7,ORE1,PIR2,YJL159W,J0558	F
UniProtKB	P32478	HSP150	GO:0005621		559292	HSP150,CCW7,ORE1,PIR2,YJL159W,J0558	C
UniProtKB	P32603	SPR1	GO:0005619		559292	SPR1,SSG1,YOR190W	C
UniProtKB	P32603	SPR1	GO:0009277		559292	SPR1,SSG1,YOR190W	C
UniProtKB	P32612	PAU2	GO:0009277		559292	PAU2,YEL049W,SYGP-ORF12	C
UniProtKB	P32612	PAU2	GO:0005199		559292	PAU2,YEL049W,SYGP-ORF12	F
UniProtKB	P32623	UTR2	GO:0009277		559292	UTR2,CRH2,YEL040W,SYGP-ORF18	C
UniProtKB	P32623	UTR2	GO:0009277		559292	UTR2,CRH2,YEL040W,SYGP-ORF18	C
UniProtKB	P32623	UTR2	GO:0009277		559292	UTR2,CRH2,YEL040W,SYGP-ORF18	C
UniProtKB	P32768	FLO1	GO:0009277		559292	FLO1,FLO2,FLO4,FLO8,YAR050W	C
UniProtKB	P32768	FLO1	GO:0009277		559292	FLO1,FLO2,FLO4,FLO8,YAR050W	C
UniProtKB	P32781	AGA2	GO:0009277		559292	AGA2,YGL032C	C
UniProtKB	P32781	AGA2	GO:0009277		559292	AGA2,YGL032C	C
UniProtKB	P33890	TIR2	GO:0009277		559292	TIR2,SRP2,YOR010C,O2553,UND251	C
UniProtKB	P33890	TIR2	GO:0005199		559292	TIR2,SRP2,YOR010C,O2553,UND251	F
UniProtKB	P33890	TIR2	GO:0005199		559292	TIR2,SRP2,YOR010C,O2553,UND251	F
UniProtKB	P35842	PHO11	GO:0009277		559292	PHO11,YAR071W	C
UniProtKB	P35994	PAU16	GO:0009277		559292	PAU16,YKL224C	C
UniProtKB	P35994	PAU16	GO:0005199		559292	PAU16,YKL224C	F
UniProtKB	P36051	MCD4	GO:0009277		559292	MCD4,FSR2,SSU21,ZRG16,YKL165C,YKL619	C
UniProtKB	P36135	UTH1	GO:0009277		559292	UTH1,YKR042W	C
UniProtKB	P36170	FLO10	GO:0009277		559292	FLO10,YKR102W	C
UniProtKB	P38155	PAU24	GO:0009277		559292	PAU24,DAN3,YBR301W,YBR2120A	C
UniProtKB	P38155	PAU24	GO:0005199		559292	PAU24,DAN3,YBR301W,YBR2120A	F
UniProtKB	P38155	PAU24	GO:0009277		559292	PAU24,DAN3,YBR301W,YBR2120A	C
UniProtKB	P38224	FIG1	GO:0009277		559292	FIG1,YBR040W,YBR0410	C
UniProtKB	P38248	ECM33	GO:0009277		559292	ECM33,YBR078W,YBR0727	C
UniProtKB	P38248	ECM33	GO:0009277		559292	ECM33,YBR078W,YBR0727	C
UniProtKB	P38288	TOS1	GO:0009277		559292	TOS1,YBR162C,YBR1213	C
UniProtKB	P38288	TOS1	GO:0009277		559292	TOS1,YBR162C,YBR1213	C
UniProtKB	P38288	TOS1	GO:0009277		559292	TOS1,YBR162C,YBR1213	C
UniProtKB	P38693	PHO12	GO:0009277		559292	PHO12,YHR215W	C
UniProtKB	P38725	PAU13	GO:0009277		559292	PAU13,YHL046C	C
UniProtKB	P38725	PAU13	GO:0005199		559292	PAU13,YHL046C	F
UniProtKB	P38832	ANS1	GO:0005199		559292	ANS1,YHR126C	F
UniProtKB	P38844	DSE2	GO:0009277		559292	DSE2,YHR143W	C
UniProtKB	P38894	FLO5	GO:0009277		559292	FLO5,YHR211W	C
UniProtKB	P39083	RGA1	GO:0071597		559292	RGA1,DBM1,THE1,YOR127W,O3290,YOR3290W	C
UniProtKB	P39083	RGA1	GO:0005621		559292	RGA1,DBM1,THE1,YOR127W,O3290,YOR3290W	C
UniProtKB	P39545	PAU7	GO:0009277		559292	PAU7,YAR020C	C
UniProtKB	P39545	PAU7	GO:0005199		559292	PAU7,YAR020C	F
UniProtKB	P39712	FLO9	GO:0009277		559292	FLO9,YAL063C	C
UniProtKB	P40092	SPI1	GO:0009277		559292	SPI1,YER150W	C
UniProtKB	P40092	SPI1	GO:0005199		559292	SPI1,YER150W	F
UniProtKB	P40092	SPI1	GO:0005199		559292	SPI1,YER150W	F
UniProtKB	P40092	SPI1	GO:0009277		559292	SPI1,YER150W	C
UniProtKB	P40442	CSS1	GO:0009277		559292	CSS1,HPF1',YIL169C,YI9402.07C	C
UniProtKB	P40472	SIM1	GO:0009277		559292	SIM1,PBP3,YIL123W	C
UniProtKB	P40472	SIM1	GO:0009277		559292	SIM1,PBP3,YIL123W	C
UniProtKB	P40552	TIR3	GO:0009277		559292	TIR3,YIB1,YIL011W	C
UniProtKB	P40552	TIR3	GO:0005199		559292	TIR3,YIB1,YIL011W	F
UniProtKB	P40552	TIR3	GO:0009277		559292	TIR3,YIB1,YIL011W	C
UniProtKB	P40583	YPS6	GO:0009277		559292	YPS6,YIR039C	C
UniProtKB	P40583	YPS6	GO:0009277		559292	YPS6,YIR039C	C
UniProtKB	P40585	PAU15	GO:0009277		559292	PAU15,YIR041W	C
UniProtKB	P40585	PAU15	GO:0005199		559292	PAU15,YIR041W	F
UniProtKB	P41901	SPR3	GO:0005619		559292	SPR3,YGR059W	C
UniProtKB	P42835	EGT2	GO:0009277		559292	EGT2,YNL327W,N0320	C
UniProtKB	P43497	CWP2	GO:0005199		559292	CWP2,LPR1,YKL096W-A,YKL096BW,YKL444	F
UniProtKB	P43497	CWP2	GO:0009277		559292	CWP2,LPR1,YKL096W-A,YKL096BW,YKL444	C
UniProtKB	P43497	CWP2	GO:0005199		559292	CWP2,LPR1,YKL096W-A,YKL096BW,YKL444	F
UniProtKB	P43575	PAU5	GO:0009277		559292	PAU5,YFL020C	C
UniProtKB	P43575	PAU5	GO:0005199		559292	PAU5,YFL020C	F
UniProtKB	P46955	NCA3	GO:0009277		559292	NCA3,YJL116C,J0748	C
UniProtKB	P46992	YJL171C	GO:0009277		559292	YJL171C,J0512	C
UniProtKB	P46992	YJL171C	GO:0009277		559292	YJL171C,J0512	C
UniProtKB	P46999	PIR5	GO:0009277		559292	PIR5,YJL160C,J0555	C
UniProtKB	P46999	PIR5	GO:0005199		559292	PIR5,YJL160C,J0555	F
UniProtKB	P46999	PIR5	GO:0005199		559292	PIR5,YJL160C,J0555	F
UniProtKB	P47001	CIS3	GO:0009277		559292	CIS3,CCW11,CCW5,PIR4,SCW8,YJL158C,J0561	C
UniProtKB	P47001	CIS3	GO:0005199		559292	CIS3,CCW11,CCW5,PIR4,SCW8,YJL158C,J0561	F
UniProtKB	P47001	CIS3	GO:0005199		559292	CIS3,CCW11,CCW5,PIR4,SCW8,YJL158C,J0561	F
UniProtKB	P47001	CIS3	GO:0009277		559292	CIS3,CCW11,CCW5,PIR4,SCW8,YJL158C,J0561	C
UniProtKB	P47001	CIS3	GO:0009277		559292	CIS3,CCW11,CCW5,PIR4,SCW8,YJL158C,J0561	C
UniProtKB	P47001	CIS3	GO:0005199		559292	CIS3,CCW11,CCW5,PIR4,SCW8,YJL158C,J0561	F
UniProtKB	P47033	PRY3	GO:0009277		559292	PRY3,YJL078C,J1027	C
UniProtKB	P47033	PRY3	GO:0009277		559292	PRY3,YJL078C,J1027	C
UniProtKB	P47135	JSN1	GO:0009277		559292	JSN1,PUF1,YJR091C,J1890	C
UniProtKB	P47136	BUD4	GO:0005621		559292	BUD4,YJR092W,J1905	C
UniProtKB	P47178	DAN1	GO:0009277		559292	DAN1,CCW13,YJR150C,J2217	C
UniProtKB	P47178	DAN1	GO:0005199		559292	DAN1,CCW13,YJR150C,J2217	F
UniProtKB	P47178	DAN1	GO:0009277		559292	DAN1,CCW13,YJR150C,J2217	C
UniProtKB	P47179	DAN4	GO:0009277		559292	DAN4,YJR151C,J2223	C
UniProtKB	P47179	DAN4	GO:0005199		559292	DAN4,YJR151C,J2223	F
UniProtKB	P47179	DAN4	GO:0009277		559292	DAN4,YJR151C,J2223	C
UniProtKB	P48016	ATH1	GO:0009277		559292	ATH1,YPR026W,YP9367.06	C
UniProtKB	P48016	ATH1	GO:0009277		559292	ATH1,YPR026W,YP9367.06	C
UniProtKB	P48560	TOS6	GO:0009277		559292	TOS6,YNL300W,N0430	C
UniProtKB	P52290	DIA3	GO:0009277		559292	DIA3,YDL024C,D2815	C
UniProtKB	P52290	DIA3	GO:0009277		559292	DIA3,YDL024C,D2815	C
UniProtKB	P52911	EXG2	GO:0009277		559292	EXG2,YDR261C,YD9320A.12C	C
UniProtKB	P53189	SCW11	GO:0009277		559292	SCW11,YGL028C	C
UniProtKB	P53189	SCW11	GO:0009277		559292	SCW11,YGL028C	C
UniProtKB	P53189	SCW11	GO:0009277		559292	SCW11,YGL028C	C
UniProtKB	P53301	CRH1	GO:0009277		559292	CRH1,YGR189C,G7553	C
UniProtKB	P53301	CRH1	GO:0009277		559292	CRH1,YGR189C,G7553	C
UniProtKB	P53301	CRH1	GO:0009277		559292	CRH1,YGR189C,G7553	C
UniProtKB	P53334	SCW4	GO:0009277		559292	SCW4,YGR279C	C
UniProtKB	P53334	SCW4	GO:0009277		559292	SCW4,YGR279C	C
UniProtKB	P53334	SCW4	GO:0009277		559292	SCW4,YGR279C	C
UniProtKB	P53334	SCW4	GO:0009277		559292	SCW4,YGR279C	C
UniProtKB	P53343	PAU12	GO:0009277		559292	PAU12,YGR294W	C
UniProtKB	P53343	PAU12	GO:0005199		559292	PAU12,YGR294W	F
UniProtKB	P53379	MKC7	GO:0009277		559292	MKC7,YPS2,YDR144C,YD2943.03C,YD8358.01C	C
UniProtKB	P53379	MKC7	GO:0009277		559292	MKC7,YPS2,YDR144C,YD2943.03C,YD8358.01C	C
UniProtKB	P53427	PAU4	GO:0009277		559292	PAU4,YLR461W,L9122.1	C
UniProtKB	P53427	PAU4	GO:0005199		559292	PAU4,YLR461W,L9122.1	F
UniProtKB	P53616	SUN4	GO:0009277		559292	SUN4,SCW3,YNL066W,N2411,YNL2411W	C
UniProtKB	P53616	SUN4	GO:0009277		559292	SUN4,SCW3,YNL066W,N2411,YNL2411W	C
UniProtKB	P53753	DSE4	GO:0009277		559292	DSE4,ENG1,YNR067C,N3547	C
UniProtKB	P53872	YNL190W	GO:0009277		559292	YNL190W,N1415	C
UniProtKB	P53939	NIS1	GO:0005621		559292	NIS1,JIP1,YNL078W,N2337	C
UniProtKB	P53939	NIS1	GO:0005621		559292	NIS1,JIP1,YNL078W,N2337	C
UniProtKB	Q01589	SED1	GO:0009277		559292	SED1,YDR077W,D4431	C
UniProtKB	Q01589	SED1	GO:0005199		559292	SED1,YDR077W,D4431	F
UniProtKB	Q01589	SED1	GO:0005199		559292	SED1,YDR077W,D4431	F
UniProtKB	Q01589	SED1	GO:0009277		559292	SED1,YDR077W,D4431	C
UniProtKB	Q01589	SED1	GO:0005199		559292	SED1,YDR077W,D4431	F
UniProtKB	Q03029	SPO19	GO:0009277		559292	SPO19,YPL130W	C
UniProtKB	Q03050	PAU10	GO:0009277		559292	PAU10,YDR542W	C
UniProtKB	Q03050	PAU10	GO:0005199		559292	PAU10,YDR542W	F
UniProtKB	Q03178	PIR1	GO:0009277		559292	PIR1,CCW6,YKL164C,YKL618	C
UniProtKB	Q03178	PIR1	GO:0005199		559292	PIR1,CCW6,YKL164C,YKL618	F
UniProtKB	Q03178	PIR1	GO:0005199		559292	PIR1,CCW6,YKL164C,YKL618	F
UniProtKB	Q03178	PIR1	GO:0009277		559292	PIR1,CCW6,YKL164C,YKL618	C
UniProtKB	Q03178	PIR1	GO:0009277		559292	PIR1,CCW6,YKL164C,YKL618	C
UniProtKB	Q03178	PIR1	GO:0005199		559292	PIR1,CCW6,YKL164C,YKL618	F
UniProtKB	Q03178	PIR1	GO:0005621		559292	PIR1,CCW6,YKL164C,YKL618	C
UniProtKB	Q03180	PIR3	GO:0009277		559292	PIR3,CCW8,YKL163W,YKL617	C
UniProtKB	Q03180	PIR3	GO:0005199		559292	PIR3,CCW8,YKL163W,YKL617	F
UniProtKB	Q03180	PIR3	GO:0005199		559292	PIR3,CCW8,YKL163W,YKL617	F
UniProtKB	Q03180	PIR3	GO:0009277		559292	PIR3,CCW8,YKL163W,YKL617	C
UniProtKB	Q03180	PIR3	GO:0009277		559292	PIR3,CCW8,YKL163W,YKL617	C
UniProtKB	Q03180	PIR3	GO:0005199		559292	PIR3,CCW8,YKL163W,YKL617	F
UniProtKB	Q03655	GAS3	GO:0009277		559292	GAS3,YMR215W,YM8261.09	C
UniProtKB	Q03655	GAS3	GO:0009277		559292	GAS3,YMR215W,YM8261.09	C
UniProtKB	Q03655	GAS3	GO:0009277		559292	GAS3,YMR215W,YM8261.09	C
UniProtKB	Q03674	PLB2	GO:0009277		559292	PLB2,YMR006C,YM8270.08C	C
UniProtKB	Q03674	PLB2	GO:0009277		559292	PLB2,YMR006C,YM8270.08C	C
UniProtKB	Q04433	FIT1	GO:0009277		559292	FIT1,YDR534C,D9719.37	C
UniProtKB	Q04433	FIT1	GO:0009277		559292	FIT1,YDR534C,D9719.37	C
UniProtKB	Q04921	SPR28	GO:0005619		559292	SPR28,YDR218C,YD9934.03C	C
UniProtKB	Q04951	SCW10	GO:0009277		559292	SCW10,YMR305C,YM9952.07C	C
UniProtKB	Q04951	SCW10	GO:0009277		559292	SCW10,YMR305C,YM9952.07C	C
UniProtKB	Q04951	SCW10	GO:0009277		559292	SCW10,YMR305C,YM9952.07C	C
UniProtKB	Q04951	SCW10	GO:0009277		559292	SCW10,YMR305C,YM9952.07C	C
UniProtKB	Q05164	HPF1	GO:0009277		559292	HPF1,YOL155C,AOF1001	C
UniProtKB	Q05164	HPF1	GO:0009277		559292	HPF1,YOL155C,AOF1001	C
UniProtKB	Q05777	NCW2	GO:0009277		559292	NCW2,YLR194C	C
UniProtKB	Q05777	NCW2	GO:0005199		559292	NCW2,YLR194C	F
UniProtKB	Q05790	CRR1	GO:0009277		559292	CRR1,YLR213C	C
UniProtKB	Q05790	CRR1	GO:0005619		559292	CRR1,YLR213C	C
UniProtKB	Q05790	CRR1	GO:0031160		559292	CRR1,YLR213C	C
UniProtKB	Q06135	GAS2	GO:0009277		559292	GAS2,YLR343W,L8300.5	C
UniProtKB	Q07657	SHS1	GO:0005619		559292	SHS1,SEP7,YDL225W	C
UniProtKB	Q07987	PAU23	GO:0009277		559292	PAU23,DAN2,YLR037C,L1909	C
UniProtKB	Q07987	PAU23	GO:0005199		559292	PAU23,DAN2,YLR037C,L1909	F
UniProtKB	Q07988	AFB1	GO:0009277		559292	AFB1,YLR040C	C
UniProtKB	Q07990	YLR042C	GO:0009277		559292	YLR042C	C
UniProtKB	Q08193	GAS5	GO:0009277		559292	GAS5,YOL030W	C
UniProtKB	Q08193	GAS5	GO:0009277		559292	GAS5,YOL030W	C
UniProtKB	Q08193	GAS5	GO:0009277		559292	GAS5,YOL030W	C
UniProtKB	Q08218	LDS2	GO:0005619		559292	LDS2,YOL047C	C
UniProtKB	Q08218	LDS2	GO:0005619		559292	LDS2,YOL047C	C
UniProtKB	Q08218	LDS2	GO:0031160		559292	LDS2,YOL047C	C
UniProtKB	Q08219	RRT8	GO:0005619		559292	RRT8,YOL048C	C
UniProtKB	Q08219	RRT8	GO:0005619		559292	RRT8,YOL048C	C
UniProtKB	Q08219	RRT8	GO:0031160		559292	RRT8,YOL048C	C
UniProtKB	Q08229	NBA1	GO:0005621		559292	NBA1,YOL070C	C
UniProtKB	Q08229	NBA1	GO:0005621		559292	NBA1,YOL070C	C
UniProtKB	Q08271	GAS4	GO:0009277		559292	GAS4,YOL132W	C
UniProtKB	Q08271	GAS4	GO:0009277		559292	GAS4,YOL132W	C
UniProtKB	Q08322	PAU20	GO:0009277		559292	PAU20,YOL161C	C
UniProtKB	Q08322	PAU20	GO:0005199		559292	PAU20,YOL161C	F
UniProtKB	Q08646	SSP2	GO:0005619		559292	SSP2,YOR242C,O5251	C
UniProtKB	Q08646	SSP2	GO:0031160		559292	SSP2,YOR242C,O5251	C
UniProtKB	Q08673	SRL1	GO:0009277		559292	SRL1,YOR247W	C
UniProtKB	Q08692	OSW1	GO:0031160		559292	OSW1,YOR255W	C
UniProtKB	Q08760	RAX1	GO:0005621		559292	RAX1,YOR301W	C
UniProtKB	Q08760	RAX1	GO:0005621		559292	RAX1,YOR301W	C
UniProtKB	Q08906	FIT2	GO:0009277		559292	FIT2,YOR382W	C
UniProtKB	Q08906	FIT2	GO:0009277		559292	FIT2,YOR382W	C
UniProtKB	Q08907	FIT3	GO:0009277		559292	FIT3,YOR383C	C
UniProtKB	Q12127	CCW12	GO:0005199		559292	CCW12,YLR110C,L9354.7	F
UniProtKB	Q12218	TIR4	GO:0009277		559292	TIR4,YOR009W,UNB487	C
UniProtKB	Q12218	TIR4	GO:0005199		559292	TIR4,YOR009W,UNB487	F
UniProtKB	Q12218	TIR4	GO:0009277		559292	TIR4,YOR009W,UNB487	C
UniProtKB	Q12254	SVS1	GO:0009277		559292	SVS1,YPL163C,P2554	C
UniProtKB	Q12282	YOR214C	GO:0009277		559292	YOR214C,YO50-4	C
UniProtKB	Q12303	YPS3	GO:0009277		559292	YPS3,YLR121C,L2964,L9233.10	C
UniProtKB	Q12355	PST1	GO:0009277		559292	PST1,HPF2,YDR055W,D4214,YD9609.09	C
UniProtKB	Q12355	PST1	GO:0009277		559292	PST1,HPF2,YDR055W,D4214,YD9609.09	C
UniProtKB	Q12355	PST1	GO:0009277		559292	PST1,HPF2,YDR055W,D4214,YD9609.09	C
UniProtKB	Q12370	PAU17	GO:0009277		559292	PAU17,YLL025W,L0968	C
UniProtKB	Q12370	PAU17	GO:0005199		559292	PAU17,YLL025W,L0968	F
UniProtKB	Q12465	RAX2	GO:0005621		559292	RAX2,YLR084C,L2389,L9449.12	C
UniProtKB	Q12465	RAX2	GO:0005621		559292	RAX2,YLR084C,L2389,L9449.12	C
UniProtKB	Q12465	RAX2	GO:0005621		559292	RAX2,YLR084C,L2389,L9449.12	C
UniProtKB	Q12465	RAX2	GO:0005621		559292	RAX2,YLR084C,L2389,L9449.12	C
UniProtKB	Q12512	ZPS1	GO:0009277		559292	ZPS1,YOL154W,AOB249	C
UniProtKB	Q12512	ZPS1	GO:0009277		559292	ZPS1,YOL154W,AOB249	C
UniProtKB	Q3E770	PAU9	GO:0009277		559292	PAU9,YBL108C-A	C
UniProtKB	Q3E770	PAU9	GO:0005199		559292	PAU9,YBL108C-A	F
UniProtKB	Q7LHD1	CCW22	GO:0009277		559292	CCW22,YDR134C,YD9302.09C/YD9302.10C	C
ComplexPortal	CPX-1675	septin_yeast	GO:0005619		559292	2xCDC3:2xCDC10:CDC11:2xCDC12:SHS1	C
UniProtKB	O13692	gas5	GO:0009277		284812	gas5,SPAC11E3.13c	C
UniProtKB	O13692	gas5	GO:0009277		284812	gas5,SPAC11E3.13c	C
UniProtKB	O13766	mde10	GO:0005619		284812	mde10,mug139,SPAC17A5.04c	C
UniProtKB	O13766	mde10	GO:0005619		284812	mde10,mug139,SPAC17A5.04c	C
UniProtKB	O13766	mde10	GO:0031160		284812	mde10,mug139,SPAC17A5.04c	C
UniProtKB	O13842	cda1	GO:0005631		284812	cda1,SPAC19G12.03	C
UniProtKB	O13857	SPAC1A6.03c	GO:0009277		284812	SPAC1A6.03c	C
UniProtKB	O13960	ecm33	GO:0009277		284812	ecm33,SPAC1705.03c,SPAC1F2.01,SPAC23H4.19	C
UniProtKB	O13960	ecm33	GO:0009277		284812	ecm33,SPAC1705.03c,SPAC1F2.01,SPAC23H4.19	C
UniProtKB	O13990	bgl2	GO:0009277		284812	bgl2,SPAC26H5.08c	C
UniProtKB	O13990	bgl2	GO:0009277		284812	bgl2,SPAC26H5.08c	C
UniProtKB	O13992	mug56	GO:0005619		284812	mug56,SPAC26H5.11	C
UniProtKB	O42658	omt2	GO:0031160		284812	omt2,SPAC27D7.04	C
UniProtKB	O43015	SPBC2G2.17c	GO:0009277		284812	SPBC2G2.17c	C
UniProtKB	O43015	SPBC2G2.17c	GO:0009277		284812	SPBC2G2.17c	C
UniProtKB	O59774	yps1	GO:0009277		284812	yps1,SPCC1795.09	C
UniProtKB	O74346	map4	GO:0070263		284812	map4,SPBC21D10.06c	C
UniProtKB	O74411	meu10	GO:0009277		284812	meu10,SPCC1223.12c	C
UniProtKB	O74411	meu10	GO:0005619		284812	meu10,SPCC1223.12c	C
UniProtKB	O74411	meu10	GO:0031160		284812	meu10,SPCC1223.12c	C
UniProtKB	O74922	aah1	GO:0009277		284812	aah1,SPCC757.12	C
UniProtKB	O94549	SPCC1322.10	GO:0009277		284812	SPCC1322.10	C
UniProtKB	P08091	pho1	GO:0009277		284812	pho1,SPBP4G3.02	C
UniProtKB	P0CU02	SPAC977.09c	GO:0009277		284812	SPAC977.09c	C
UniProtKB	P0CU05	pfl6	GO:0010339		284812	pfl6,SPAC977.07c	C
UniProtKB	P40899	isp3	GO:1990916		284812	isp3,meu4,SPAC1F8.05	C
UniProtKB	P40899	isp3	GO:1990915		284812	isp3,meu4,SPAC1F8.05	F
UniProtKB	P40899	isp3	GO:1990916		284812	isp3,meu4,SPAC1F8.05	C
UniProtKB	P78958	tdh1	GO:0009277		284812	tdh1,gpd1,SPBC32F12.11	C
UniProtKB	Q01682	pho4	GO:0009277		284812	pho4,SPBC428.03c	C
UniProtKB	Q09788	asl1	GO:0009277		284812	asl1,SPAC13G6.10c	C
UniProtKB	Q09788	asl1	GO:0009277		284812	asl1,SPAC13G6.10c	C
UniProtKB	Q09788	asl1	GO:0010339		284812	asl1,SPAC13G6.10c	C
UniProtKB	Q09850	eng2	GO:0009277		284812	eng2,SPAC23D3.10c	C
UniProtKB	Q09854	mok11	GO:0009277		284812	mok11,SPAC1527.01,SPAC23D3.15	C
UniProtKB	Q10196	SPBC11C11.05	GO:0009277		284812	SPBC11C11.05	C
UniProtKB	Q10287	bgs1	GO:0009277		284812	bgs1,cps1,drc1,SPBC19G7.05c	C
UniProtKB	Q7Z9I1	pfl4	GO:0010339		284812	pfl4,SPCC188.09c	C
UniProtKB	Q874R4	pfl3	GO:0010339		284812	pfl3,SPBC947.04	C
UniProtKB	Q92344	pfl8	GO:0010339		284812	pfl8,fta5,sma5,SPAC1F8.06	C
UniProtKB	Q96WV6	SPBPJ4664.02	GO:0010339		284812	SPBPJ4664.02	C
UniProtKB	Q9C105	SPAPB1E7.04c	GO:0009277		284812	SPAPB1E7.04c	C
UniProtKB	Q9HDY9	mam3	GO:0070263		284812	mam3,SPAP11E10.02c,SPAPB1A10.01c	C
UniProtKB	Q9P378	gas1	GO:0009277		284812	gas1,SPAC19B12.02c	C
UniProtKB	Q9P378	gas1	GO:0009277		284812	gas1,SPAC19B12.02c	C
UniProtKB	Q9P378	gas1	GO:0043188		284812	gas1,SPAC19B12.02c	C
UniProtKB	Q9P5N1	pfl7	GO:0010339		284812	pfl7,SPBC359.04c	C
UniProtKB	Q9P7Q2	pfl9	GO:0010339		284812	pfl9,SPAC186.01	C
UniProtKB	Q9P7X4	SPBP23A10.11c	GO:0009277		284812	SPBP23A10.11c	C
UniProtKB	Q9P7X4	SPBP23A10.11c	GO:0009277		284812	SPBP23A10.11c	C
UniProtKB	Q9UR09	psu1	GO:0009277		284812	psu1,SPAC1002.13c	C
UniProtKB	Q9UR09	psu1	GO:0009277		284812	psu1,SPAC1002.13c	C
UniProtKB	Q9URX4	SPAC1039.11c	GO:0031160		284812	SPAC1039.11c,SPAC922.02c	C
UniProtKB	Q9USK8	ags1	GO:0009277		284812	ags1,mok1,SPCC1281.01,SPCC17A7.01,SPCC338.01c	C
UniProtKB	Q9USK8	ags1	GO:0005619		284812	ags1,mok1,SPCC1281.01,SPCC17A7.01,SPCC338.01c	C
UniProtKB	Q9USU5	gas2	GO:0009277		284812	gas2,SPBC29A10.08	C
UniProtKB	Q9USU5	gas2	GO:0043188		284812	gas2,SPBC29A10.08	C
UniProtKB	Q9USU5	gas2	GO:0043188		284812	gas2,SPBC29A10.08	C
UniProtKB	Q9USW3	SPBC21B10.07	GO:0009277		284812	SPBC21B10.07	C
UniProtKB	Q9UTH5	SPAC1786.02	GO:0009277		284812	SPAC1786.02	C
UniProtKB	Q9UUL4	mok12	GO:0009277		284812	mok12,SPBC32H8.13c,pi011	C
UniProtKB	Q9UUL4	mok12	GO:0005619		284812	mok12,SPBC32H8.13c,pi011	C
UniProtKB	Q9Y704	mok14	GO:0009277		284812	mok14,SPCC63.04	C
UniProtKB	Q9Y704	mok14	GO:0005619		284812	mok14,SPCC63.04	C
UniProtKB	Q9Y719	mok13	GO:0009277		284812	mok13,SPBC16D10.05	C
UniProtKB	Q9Y7N6	SPCC1450.09c	GO:0009277		284812	SPCC1450.09c	C
UniProtKB	Q9Y7S9	aah3	GO:0009277		284812	aah3,SPCC63.02c	C
UniProtKB	Q9Y7Y7	gas4	GO:0009277		284812	gas4,SPBC342.03	C
UniProtKB	O13547	CCW14	GO:0009277		559292	CCW14,ICWP,SSR1,YLR390W-A,YLR391W-A	C
UniProtKB	O13547	CCW14	GO:0009277		559292	CCW14,ICWP,SSR1,YLR390W-A,YLR391W-A	C
UniProtKB	O13547	CCW14	GO:0009277		559292	CCW14,ICWP,SSR1,YLR390W-A,YLR391W-A	C
UniProtKB	O13547	CCW14	GO:0005199		559292	CCW14,ICWP,SSR1,YLR390W-A,YLR391W-A	F
UniProtKB	P00358	TDH2	GO:0009277		559292	TDH2,GPD2,YJR009C,J1433	C
UniProtKB	P00359	TDH3	GO:0009277		559292	TDH3,GPD3,YGR192C,G7576	C
UniProtKB	P00360	TDH1	GO:0009277		559292	TDH1,GPD1,SSS2,YJL052W,J1154	C
UniProtKB	P00635	PHO5	GO:0009277		559292	PHO5,YBR093C,YBR0814	C
UniProtKB	P00635	PHO5	GO:0009277		559292	PHO5,YBR093C,YBR0814	C
UniProtKB	P08459	SPS2	GO:0009277		559292	SPS2,YDR522C,D9719.26	C
UniProtKB	P08459	SPS2	GO:0009277		559292	SPS2,YDR522C,D9719.26	C
UniProtKB	P0CE85	PAU19	GO:0009277		559292	PAU19,YMR325W,YM9924.17	C
UniProtKB	P0CE85	PAU19	GO:0005199		559292	PAU19,YMR325W,YM9924.17	F
UniProtKB	P0CE86	PAU21	GO:0009277		559292	PAU21,YOR394W	C
UniProtKB	P0CE86	PAU21	GO:0005199		559292	PAU21,YOR394W	F
UniProtKB	P0CE87	PAU22	GO:0009277		559292	PAU22,YPL282C	C
UniProtKB	P0CE87	PAU22	GO:0005199		559292	PAU22,YPL282C	F
UniProtKB	P0CE88	PAU1	GO:0009277		559292	PAU1,YJL223C,HRD120,J0208	C
UniProtKB	P0CE88	PAU1	GO:0005199		559292	PAU1,YJL223C,HRD120,J0208	F
UniProtKB	P0CE89	PAU14	GO:0009277		559292	PAU14,YIL176C	C
UniProtKB	P0CE89	PAU14	GO:0005199		559292	PAU14,YIL176C	F
UniProtKB	P0CE90	PAU6	GO:0009277		559292	PAU6,YNR076W,N3825	C
UniProtKB	P0CE90	PAU6	GO:0005199		559292	PAU6,YNR076W,N3825	F
UniProtKB	P0CE91	PAU18	GO:0009277		559292	PAU18,YLL064C,L0543	C
UniProtKB	P0CE91	PAU18	GO:0005199		559292	PAU18,YLL064C,L0543	F
UniProtKB	P0CE92	PAU8	GO:0009277		559292	PAU8,YAL068C	C
UniProtKB	P0CE92	PAU8	GO:0005199		559292	PAU8,YAL068C	F
UniProtKB	P0CE93	PAU11	GO:0009277		559292	PAU11,YGL261C,NRF120	C
UniProtKB	P0CE93	PAU11	GO:0005199		559292	PAU11,YGL261C,NRF120	F
UniProtKB	P10591	SSA1	GO:0009277		559292	SSA1,YAL005C	C
UniProtKB	P10592	SSA2	GO:0009277		559292	SSA2,YLL024C,L0931	C
UniProtKB	P10863	TIR1	GO:0009277		559292	TIR1,SRP1,YER011W	C
UniProtKB	P10863	TIR1	GO:0005199		559292	TIR1,SRP1,YER011W	F
UniProtKB	P10863	TIR1	GO:0005199		559292	TIR1,SRP1,YER011W	F
UniProtKB	P12630	BAR1	GO:0009277		559292	BAR1,SST1,YIL015W	C
UniProtKB	P12630	BAR1	GO:0009277		559292	BAR1,SST1,YIL015W	C
UniProtKB	P15703	BGL2	GO:0009277		559292	BGL2,SCW9,YGR282C	C
UniProtKB	P15703	BGL2	GO:0009277		559292	BGL2,SCW9,YGR282C	C
UniProtKB	P15703	BGL2	GO:0009277		559292	BGL2,SCW9,YGR282C	C
UniProtKB	P15703	BGL2	GO:0009277		559292	BGL2,SCW9,YGR282C	C
UniProtKB	P17260	KRE1	GO:0009277		559292	KRE1,YNL322C,N0336	C
UniProtKB	P17260	KRE1	GO:0005199		559292	KRE1,YNL322C,N0336	F
UniProtKB	P20840	SAG1	GO:0009277		559292	SAG1,AGAL1,YJR004C,J1418	C
UniProtKB	P20840	SAG1	GO:0009277		559292	SAG1,AGAL1,YJR004C,J1418	C
UniProtKB	P22146	GAS1	GO:0009277		559292	GAS1,GGP1,YMR307W,YM9952.09	C
UniProtKB	P22146	GAS1	GO:0009277		559292	GAS1,GGP1,YMR307W,YM9952.09	C
UniProtKB	P22146	GAS1	GO:0009277		559292	GAS1,GGP1,YMR307W,YM9952.09	C
UniProtKB	P22146	GAS1	GO:0005621		559292	GAS1,GGP1,YMR307W,YM9952.09	C
UniProtKB	P23776	EXG1	GO:0009277		559292	EXG1,BGL1,SCW6,YLR300W,L8003.3	C
UniProtKB	P24031	PHO3	GO:0009277		559292	PHO3,YBR092C,YBR0813	C
UniProtKB	P25342	CDC10	GO:0005619		559292	CDC10,YCR002C,YCR022,YCR2C	C
UniProtKB	P25380	SPS22	GO:0009277		559292	SPS22,YCL048W,YCL48W	C
UniProtKB	P25381	RRT12	GO:0005619		559292	RRT12,OSW3,YCR045C,YCR45C	C
UniProtKB	P25381	RRT12	GO:0031160		559292	RRT12,OSW3,YCR045C,YCR45C	C
UniProtKB	P25610	PAU3	GO:0009277		559292	PAU3,YCR104W	C
UniProtKB	P25610	PAU3	GO:0005199		559292	PAU3,YCR104W	F
UniProtKB	P25653	FIG2	GO:0009277		559292	FIG2,YCR089W,YCR1102,YCR89W	C
UniProtKB	P25653	FIG2	GO:0009277		559292	FIG2,YCR089W,YCR1102,YCR89W	C
UniProtKB	P25653	FIG2	GO:0009277		559292	FIG2,YCR089W,YCR1102,YCR89W	C
UniProtKB	P27654	TIP1	GO:0009277		559292	TIP1,YBR067C,YBR0622	C
UniProtKB	P27654	TIP1	GO:0005199		559292	TIP1,YBR067C,YBR0622	F
UniProtKB	P27654	TIP1	GO:0009277		559292	TIP1,YBR067C,YBR0622	C
UniProtKB	P27654	TIP1	GO:0009277		559292	TIP1,YBR067C,YBR0622	C
UniProtKB	P27654	TIP1	GO:0005199		559292	TIP1,YBR067C,YBR0622	F
UniProtKB	P28319	CWP1	GO:0009277		559292	CWP1,YKL096W,YJU1,YKL443	C
UniProtKB	P28319	CWP1	GO:0005199		559292	CWP1,YKL096W,YJU1,YKL443	F
UniProtKB	P28319	CWP1	GO:0005199		559292	CWP1,YKL096W,YJU1,YKL443	F
UniProtKB	P28319	CWP1	GO:0071597		559292	CWP1,YKL096W,YJU1,YKL443	C
UniProtKB	P28319	CWP1	GO:0009277		559292	CWP1,YKL096W,YJU1,YKL443	C
UniProtKB	P28319	CWP1	GO:0009277		559292	CWP1,YKL096W,YJU1,YKL443	C
UniProtKB	P28319	CWP1	GO:0005199		559292	CWP1,YKL096W,YJU1,YKL443	F
UniProtKB	P29029	CTS1	GO:0009277		559292	CTS1,SCW2,YLR286C,L8003.13	C
UniProtKB	P29029	CTS1	GO:0009277		559292	CTS1,SCW2,YLR286C,L8003.13	C
UniProtKB	P31379	LDS1	GO:0005619		559292	LDS1,YAL018C,YAL003	C
UniProtKB	P31379	LDS1	GO:0005619		559292	LDS1,YAL018C,YAL003	C
UniProtKB	P31379	LDS1	GO:0031160		559292	LDS1,YAL018C,YAL003	C
UniProtKB	P32323	AGA1	GO:0009277		559292	AGA1,YNR044W,N3431	C
UniProtKB	P32323	AGA1	GO:0009277		559292	AGA1,YNR044W,N3431	C
UniProtKB	P32329	YPS1	GO:0009277		559292	YPS1,YAP3,YLR120C,L2961,L9233.9	C
UniProtKB	P32457	CDC3	GO:0005619		559292	CDC3,YLR314C,L8543.7	C
UniProtKB	P32457	CDC3	GO:0005619		559292	CDC3,YLR314C,L8543.7	C
UniProtKB	P32458	CDC11	GO:0005619		559292	CDC11,PSL9,YJR076C,J1833	C
UniProtKB	P32458	CDC11	GO:0005619		559292	CDC11,PSL9,YJR076C,J1833	C
UniProtKB	P32468	CDC12	GO:0005621		559292	CDC12,CLA10,PSL7,YHR107C	C
UniProtKB	P32468	CDC12	GO:0005619		559292	CDC12,CLA10,PSL7,YHR107C	C
UniProtKB	P32478	HSP150	GO:0009277		559292	HSP150,CCW7,ORE1,PIR2,YJL159W,J0558	C
UniProtKB	P32478	HSP150	GO:0005199		559292	HSP150,CCW7,ORE1,PIR2,YJL159W,J0558	F
UniProtKB	P32478	HSP150	GO:0005199		559292	HSP150,CCW7,ORE1,PIR2,YJL159W,J0558	F
UniProtKB	P32478	HSP150	GO:0009277		559292	HSP150,CCW7,ORE1,PIR2,YJL159W,J0558	C
UniProtKB	P32478	HSP150	GO:0009277		559292	HSP150,CCW7,ORE1,PIR2,YJL159W,J0558	C
UniProtKB	P32478	HSP150	GO:0009277		559292	HSP150,CCW7,ORE1,PIR2,YJL159W,J0558	C
UniProtKB	P32478	HSP150	GO:0005199		559292	HSP150,CCW7,ORE1,PIR2,YJL159W,J0558	F
UniProtKB	P32478	HSP150	GO:0005621		559292	HSP150,CCW7,ORE1,PIR2,YJL159W,J0558	C
UniProtKB	P32603	SPR1	GO:0005619		559292	SPR1,SSG1,YOR190W	C
UniProtKB	P32603	SPR1	GO:0009277		559292	SPR1,SSG1,YOR190W	C
UniProtKB	P32612	PAU2	GO:0009277		559292	PAU2,YEL049W,SYGP-ORF12	C
UniProtKB	P32612	PAU2	GO:0005199		559292	PAU2,YEL049W,SYGP-ORF12	F
UniProtKB	P32623	UTR2	GO:0009277		559292	UTR2,CRH2,YEL040W,SYGP-ORF18	C
UniProtKB	P32623	UTR2	GO:0009277		559292	UTR2,CRH2,YEL040W,SYGP-ORF18	C
UniProtKB	P32623	UTR2	GO:0009277		559292	UTR2,CRH2,YEL040W,SYGP-ORF18	C
UniProtKB	P32768	FLO1	GO:0009277		559292	FLO1,FLO2,FLO4,FLO8,YAR050W	C
UniProtKB	P32768	FLO1	GO:0009277		559292	FLO1,FLO2,FLO4,FLO8,YAR050W	C
UniProtKB	P32781	AGA2	GO:0009277		559292	AGA2,YGL032C	C
UniProtKB	P32781	AGA2	GO:0009277		559292	AGA2,YGL032C	C
UniProtKB	P33890	TIR2	GO:0009277		559292	TIR2,SRP2,YOR010C,O2553,UND251	C
UniProtKB	P33890	TIR2	GO:0005199		559292	TIR2,SRP2,YOR010C,O2553,UND251	F
UniProtKB	P33890	TIR2	GO:0005199		559292	TIR2,SRP2,YOR010C,O2553,UND251	F
UniProtKB	P35842	PHO11	GO:0009277		559292	PHO11,YAR071W	C
UniProtKB	P35994	PAU16	GO:0009277		559292	PAU16,YKL224C	C
UniProtKB	P35994	PAU16	GO:0005199		559292	PAU16,YKL224C	F
UniProtKB	P36051	MCD4	GO:0009277		559292	MCD4,FSR2,SSU21,ZRG16,YKL165C,YKL619	C
UniProtKB	P36135	UTH1	GO:0009277		559292	UTH1,YKR042W	C
UniProtKB	P36170	FLO10	GO:0009277		559292	FLO10,YKR102W	C
UniProtKB	P38155	PAU24	GO:0009277		559292	PAU24,DAN3,YBR301W,YBR2120A	C
UniProtKB	P38155	PAU24	GO:0005199		559292	PAU24,DAN3,YBR301W,YBR2120A	F
UniProtKB	P38155	PAU24	GO:0009277		559292	PAU24,DAN3,YBR301W,YBR2120A	C
UniProtKB	P38224	FIG1	GO:0009277		559292	FIG1,YBR040W,YBR0410	C
UniProtKB	P38248	ECM33	GO:0009277		559292	ECM33,YBR078W,YBR0727	C
UniProtKB	P38248	ECM33	GO:0009277		559292	ECM33,YBR078W,YBR0727	C
UniProtKB	P38288	TOS1	GO:0009277		559292	TOS1,YBR162C,YBR1213	C
UniProtKB	P38288	TOS1	GO:0009277		559292	TOS1,YBR162C,YBR1213	C
UniProtKB	P38288	TOS1	GO:0009277		559292	TOS1,YBR162C,YBR1213	C
UniProtKB	P38693	PHO12	GO:0009277		559292	PHO12,YHR215W	C
UniProtKB	P38725	PAU13	GO:0009277		559292	PAU13,YHL046C	C
UniProtKB	P38725	PAU13	GO:0005199		559292	PAU13,YHL046C	F
UniProtKB	P38832	ANS1	GO:0005199		559292	ANS1,YHR126C	F
UniProtKB	P38844	DSE2	GO:0009277		559292	DSE2,YHR143W	C
UniProtKB	P38894	FLO5	GO:0009277		559292	FLO5,YHR211W	C
UniProtKB	P39083	RGA1	GO:0071597		559292	RGA1,DBM1,THE1,YOR127W,O3290,YOR3290W	C
UniProtKB	P39083	RGA1	GO:0005621		559292	RGA1,DBM1,THE1,YOR127W,O3290,YOR3290W	C
UniProtKB	P39545	PAU7	GO:0009277		559292	PAU7,YAR020C	C
UniProtKB	P39545	PAU7	GO:0005199		559292	PAU7,YAR020C	F
UniProtKB	P39712	FLO9	GO:0009277		559292	FLO9,YAL063C	C
UniProtKB	P40092	SPI1	GO:0009277		559292	SPI1,YER150W	C
UniProtKB	P40092	SPI1	GO:0005199		559292	SPI1,YER150W	F
UniProtKB	P40092	SPI1	GO:0005199		559292	SPI1,YER150W	F
UniProtKB	P40092	SPI1	GO:0009277		559292	SPI1,YER150W	C
UniProtKB	P40442	CSS1	GO:0009277		559292	CSS1,HPF1',YIL169C,YI9402.07C	C
UniProtKB	P40472	SIM1	GO:0009277		559292	SIM1,PBP3,YIL123W	C
UniProtKB	P40472	SIM1	GO:0009277		559292	SIM1,PBP3,YIL123W	C
UniProtKB	P40552	TIR3	GO:0009277		559292	TIR3,YIB1,YIL011W	C
UniProtKB	P40552	TIR3	GO:0005199		559292	TIR3,YIB1,YIL011W	F
UniProtKB	P40552	TIR3	GO:0009277		559292	TIR3,YIB1,YIL011W	C
UniProtKB	P40583	YPS6	GO:0009277		559292	YPS6,YIR039C	C
UniProtKB	P40583	YPS6	GO:0009277		559292	YPS6,YIR039C	C
UniProtKB	P40585	PAU15	GO:0009277		559292	PAU15,YIR041W	C
UniProtKB	P40585	PAU15	GO:0005199		559292	PAU15,YIR041W	F
UniProtKB	P41901	SPR3	GO:0005619		559292	SPR3,YGR059W	C
UniProtKB	P42835	EGT2	GO:0009277		559292	EGT2,YNL327W,N0320	C
UniProtKB	P43497	CWP2	GO:0005199		559292	CWP2,LPR1,YKL096W-A,YKL096BW,YKL444	F
UniProtKB	P43497	CWP2	GO:0009277		559292	CWP2,LPR1,YKL096W-A,YKL096BW,YKL444	C
UniProtKB	P43497	CWP2	GO:0005199		559292	CWP2,LPR1,YKL096W-A,YKL096BW,YKL444	F
UniProtKB	P43575	PAU5	GO:0009277		559292	PAU5,YFL020C	C
UniProtKB	P43575	PAU5	GO:0005199		559292	PAU5,YFL020C	F
UniProtKB	P46955	NCA3	GO:0009277		559292	NCA3,YJL116C,J0748	C
UniProtKB	P46992	YJL171C	GO:0009277		559292	YJL171C,J0512	C
UniProtKB	P46992	YJL171C	GO:0009277		559292	YJL171C,J0512	C
UniProtKB	P46999	PIR5	GO:0009277		559292	PIR5,YJL160C,J0555	C
UniProtKB	P46999	PIR5	GO:0005199		559292	PIR5,YJL160C,J0555	F
UniProtKB	P46999	PIR5	GO:0005199		559292	PIR5,YJL160C,J0555	F
UniProtKB	P47001	CIS3	GO:0009277		559292	CIS3,CCW11,CCW5,PIR4,SCW8,YJL158C,J0561	C
UniProtKB	P47001	CIS3	GO:0005199		559292	CIS3,CCW11,CCW5,PIR4,SCW8,YJL158C,J0561	F
UniProtKB	P47001	CIS3	GO:0005199		559292	CIS3,CCW11,CCW5,PIR4,SCW8,YJL158C,J0561	F
UniProtKB	P47001	CIS3	GO:0009277		559292	CIS3,CCW11,CCW5,PIR4,SCW8,YJL158C,J0561	C
UniProtKB	P47001	CIS3	GO:0009277		559292	CIS3,CCW11,CCW5,PIR4,SCW8,YJL158C,J0561	C
UniProtKB	P47001	CIS3	GO:0005199		559292	CIS3,CCW11,CCW5,PIR4,SCW8,YJL158C,J0561	F
UniProtKB	P47033	PRY3	GO:0009277		559292	PRY3,YJL078C,J1027	C
UniProtKB	P47033	PRY3	GO:0009277		559292	PRY3,YJL078C,J1027	C
UniProtKB	P47135	JSN1	GO:0009277		559292	JSN1,PUF1,YJR091C,J1890	C
UniProtKB	P47136	BUD4	GO:0005621		559292	BUD4,YJR092W,J1905	C
UniProtKB	P47178	DAN1	GO:0009277		559292	DAN1,CCW13,YJR150C,J2217	C
UniProtKB	P47178	DAN1	GO:0005199		559292	DAN1,CCW13,YJR150C,J2217	F
UniProtKB	P47178	DAN1	GO:0009277		559292	DAN1,CCW13,YJR150C,J2217	C
UniProtKB	P47179	DAN4	GO:0009277		559292	DAN4,YJR151C,J2223	C
UniProtKB	P47179	DAN4	GO:0005199		559292	DAN4,YJR151C,J2223	F
UniProtKB	P47179	DAN4	GO:0009277		559292	DAN4,YJR151C,J2223	C
UniProtKB	P48016	ATH1	GO:0009277		559292	ATH1,YPR026W,YP9367.06	C
UniProtKB	P48016	ATH1	GO:0009277		559292	ATH1,YPR026W,YP9367.06	C
UniProtKB	P48560	TOS6	GO:0009277		559292	TOS6,YNL300W,N0430	C
UniProtKB	P52290	DIA3	GO:0009277		559292	DIA3,YDL024C,D2815	C
UniProtKB	P52290	DIA3	GO:0009277		559292	DIA3,YDL024C,D2815	C
UniProtKB	P52911	EXG2	GO:0009277		559292	EXG2,YDR261C,YD9320A.12C	C
UniProtKB	P53189	SCW11	GO:0009277		559292	SCW11,YGL028C	C
UniProtKB	P53189	SCW11	GO:0009277		559292	SCW11,YGL028C	C
UniProtKB	P53189	SCW11	GO:0009277		559292	SCW11,YGL028C	C
UniProtKB	P53301	CRH1	GO:0009277		559292	CRH1,YGR189C,G7553	C
UniProtKB	P53301	CRH1	GO:0009277		559292	CRH1,YGR189C,G7553	C
UniProtKB	P53301	CRH1	GO:0009277		559292	CRH1,YGR189C,G7553	C
UniProtKB	P53334	SCW4	GO:0009277		559292	SCW4,YGR279C	C
UniProtKB	P53334	SCW4	GO:0009277		559292	SCW4,YGR279C	C
UniProtKB	P53334	SCW4	GO:0009277		559292	SCW4,YGR279C	C
UniProtKB	P53334	SCW4	GO:0009277		559292	SCW4,YGR279C	C
UniProtKB	P53343	PAU12	GO:0009277		559292	PAU12,YGR294W	C
UniProtKB	P53343	PAU12	GO:0005199		559292	PAU12,YGR294W	F
UniProtKB	P53379	MKC7	GO:0009277		559292	MKC7,YPS2,YDR144C,YD2943.03C,YD8358.01C	C
UniProtKB	P53379	MKC7	GO:0009277		559292	MKC7,YPS2,YDR144C,YD2943.03C,YD8358.01C	C
UniProtKB	P53427	PAU4	GO:0009277		559292	PAU4,YLR461W,L9122.1	C
UniProtKB	P53427	PAU4	GO:0005199		559292	PAU4,YLR461W,L9122.1	F
UniProtKB	P53616	SUN4	GO:0009277		559292	SUN4,SCW3,YNL066W,N2411,YNL2411W	C
UniProtKB	P53616	SUN4	GO:0009277		559292	SUN4,SCW3,YNL066W,N2411,YNL2411W	C
UniProtKB	P53753	DSE4	GO:0009277		559292	DSE4,ENG1,YNR067C,N3547	C
UniProtKB	P53872	YNL190W	GO:0009277		559292	YNL190W,N1415	C
UniProtKB	P53939	NIS1	GO:0005621		559292	NIS1,JIP1,YNL078W,N2337	C
UniProtKB	P53939	NIS1	GO:0005621		559292	NIS1,JIP1,YNL078W,N2337	C
UniProtKB	Q01589	SED1	GO:0009277		559292	SED1,YDR077W,D4431	C
UniProtKB	Q01589	SED1	GO:0005199		559292	SED1,YDR077W,D4431	F
UniProtKB	Q01589	SED1	GO:0005199		559292	SED1,YDR077W,D4431	F
UniProtKB	Q01589	SED1	GO:0009277		559292	SED1,YDR077W,D4431	C
UniProtKB	Q01589	SED1	GO:0005199		559292	SED1,YDR077W,D4431	F
UniProtKB	Q03029	SPO19	GO:0009277		559292	SPO19,YPL130W	C
UniProtKB	Q03050	PAU10	GO:0009277		559292	PAU10,YDR542W	C
UniProtKB	Q03050	PAU10	GO:0005199		559292	PAU10,YDR542W	F
UniProtKB	Q03178	PIR1	GO:0009277		559292	PIR1,CCW6,YKL164C,YKL618	C
UniProtKB	Q03178	PIR1	GO:0005199		559292	PIR1,CCW6,YKL164C,YKL618	F
UniProtKB	Q03178	PIR1	GO:0005199		559292	PIR1,CCW6,YKL164C,YKL618	F
UniProtKB	Q03178	PIR1	GO:0009277		559292	PIR1,CCW6,YKL164C,YKL618	C
UniProtKB	Q03178	PIR1	GO:0009277		559292	PIR1,CCW6,YKL164C,YKL618	C
UniProtKB	Q03178	PIR1	GO:0005199		559292	PIR1,CCW6,YKL164C,YKL618	F
UniProtKB	Q03178	PIR1	GO:0005621		559292	PIR1,CCW6,YKL164C,YKL618	C
UniProtKB	Q03180	PIR3	GO:0009277		559292	PIR3,CCW8,YKL163W,YKL617	C
UniProtKB	Q03180	PIR3	GO:0005199		559292	PIR3,CCW8,YKL163W,YKL617	F
UniProtKB	Q03180	PIR3	GO:0005199		559292	PIR3,CCW8,YKL163W,YKL617	F
UniProtKB	Q03180	PIR3	GO:0009277		559292	PIR3,CCW8,YKL163W,YKL617	C
UniProtKB	Q03180	PIR3	GO:0009277		559292	PIR3,CCW8,YKL163W,YKL617	C
UniProtKB	Q03180	PIR3	GO:0005199		559292	PIR3,CCW8,YKL163W,YKL617	F
UniProtKB	Q03655	GAS3	GO:0009277		559292	GAS3,YMR215W,YM8261.09	C
UniProtKB	Q03655	GAS3	GO:0009277		559292	GAS3,YMR215W,YM8261.09	C
UniProtKB	Q03655	GAS3	GO:0009277		559292	GAS3,YMR215W,YM8261.09	C
UniProtKB	Q03674	PLB2	GO:0009277		559292	PLB2,YMR006C,YM8270.08C	C
UniProtKB	Q03674	PLB2	GO:0009277		559292	PLB2,YMR006C,YM8270.08C	C
UniProtKB	Q04433	FIT1	GO:0009277		559292	FIT1,YDR534C,D9719.37	C
UniProtKB	Q04433	FIT1	GO:0009277		559292	FIT1,YDR534C,D9719.37	C
UniProtKB	Q04921	SPR28	GO:0005619		559292	SPR28,YDR218C,YD9934.03C	C
UniProtKB	Q04951	SCW10	GO:0009277		559292	SCW10,YMR305C,YM9952.07C	C
UniProtKB	Q04951	SCW10	GO:0009277		559292	SCW10,YMR305C,YM9952.07C	C
UniProtKB	Q04951	SCW10	GO:0009277		559292	SCW10,YMR305C,YM9952.07C	C
UniProtKB	Q04951	SCW10	GO:0009277		559292	SCW10,YMR305C,YM9952.07C	C
UniProtKB	Q05164	HPF1	GO:0009277		559292	HPF1,YOL155C,AOF1001	C
UniProtKB	Q05164	HPF1	GO:0009277		559292	HPF1,YOL155C,AOF1001	C
UniProtKB	Q05777	NCW2	GO:0009277		559292	NCW2,YLR194C	C
UniProtKB	Q05777	NCW2	GO:0005199		559292	NCW2,YLR194C	F
UniProtKB	Q05790	CRR1	GO:0009277		559292	CRR1,YLR213C	C
UniProtKB	Q05790	CRR1	GO:0005619		559292	CRR1,YLR213C	C
UniProtKB	Q05790	CRR1	GO:0031160		559292	CRR1,YLR213C	C
UniProtKB	Q06135	GAS2	GO:0009277		559292	GAS2,YLR343W,L8300.5	C
UniProtKB	Q07657	SHS1	GO:0005619		559292	SHS1,SEP7,YDL225W	C
UniProtKB	Q07987	PAU23	GO:0009277		559292	PAU23,DAN2,YLR037C,L1909	C
UniProtKB	Q07987	PAU23	GO:0005199		559292	PAU23,DAN2,YLR037C,L1909	F
UniProtKB	Q07988	AFB1	GO:0009277		559292	AFB1,YLR040C	C
UniProtKB	Q07990	YLR042C	GO:0009277		559292	YLR042C	C
UniProtKB	Q08193	GAS5	GO:0009277		559292	GAS5,YOL030W	C
UniProtKB	Q08193	GAS5	GO:0009277		559292	GAS5,YOL030W	C
UniProtKB	Q08193	GAS5	GO:0009277		559292	GAS5,YOL030W	C
UniProtKB	Q08218	LDS2	GO:0005619		559292	LDS2,YOL047C	C
UniProtKB	Q08218	LDS2	GO:0005619		559292	LDS2,YOL047C	C
UniProtKB	Q08218	LDS2	GO:0031160		559292	LDS2,YOL047C	C
UniProtKB	Q08219	RRT8	GO:0005619		559292	RRT8,YOL048C	C
UniProtKB	Q08219	RRT8	GO:0005619		559292	RRT8,YOL048C	C
UniProtKB	Q08219	RRT8	GO:0031160		559292	RRT8,YOL048C	C
UniProtKB	Q08229	NBA1	GO:0005621		559292	NBA1,YOL070C	C
UniProtKB	Q08229	NBA1	GO:0005621		559292	NBA1,YOL070C	C
UniProtKB	Q08271	GAS4	GO:0009277		559292	GAS4,YOL132W	C
UniProtKB	Q08271	GAS4	GO:0009277		559292	GAS4,YOL132W	C
UniProtKB	Q08322	PAU20	GO:0009277		559292	PAU20,YOL161C	C
UniProtKB	Q08322	PAU20	GO:0005199		559292	PAU20,YOL161C	F
UniProtKB	Q08646	SSP2	GO:0005619		559292	SSP2,YOR242C,O5251	C
UniProtKB	Q08646	SSP2	GO:0031160		559292	SSP2,YOR242C,O5251	C
UniProtKB	Q08673	SRL1	GO:0009277		559292	SRL1,YOR247W	C
UniProtKB	Q08692	OSW1	GO:0031160		559292	OSW1,YOR255W	C
UniProtKB	Q08760	RAX1	GO:0005621		559292	RAX1,YOR301W	C
UniProtKB	Q08760	RAX1	GO:0005621		559292	RAX1,YOR301W	C
UniProtKB	Q08906	FIT2	GO:0009277		559292	FIT2,YOR382W	C
UniProtKB	Q08906	FIT2	GO:0009277		559292	FIT2,YOR382W	C
UniProtKB	Q08907	FIT3	GO:0009277		559292	FIT3,YOR383C	C
UniProtKB	Q12127	CCW12	GO:0005199		559292	CCW12,YLR110C,L9354.7	F
UniProtKB	Q12218	TIR4	GO:0009277		559292	TIR4,YOR009W,UNB487	C
UniProtKB	Q12218	TIR4	GO:0005199		559292	TIR4,YOR009W,UNB487	F
UniProtKB	Q12218	TIR4	GO:0009277		559292	TIR4,YOR009W,UNB487	C
UniProtKB	Q12254	SVS1	GO:0009277		559292	SVS1,YPL163C,P2554	C
UniProtKB	Q12282	YOR214C	GO:0009277		559292	YOR214C,YO50-4	C
UniProtKB	Q12303	YPS3	GO:0009277		559292	YPS3,YLR121C,L2964,L9233.10	C
UniProtKB	Q12355	PST1	GO:0009277		559292	PST1,HPF2,YDR055W,D4214,YD9609.09	C
UniProtKB	Q12355	PST1	GO:0009277		559292	PST1,HPF2,YDR055W,D4214,YD9609.09	C
UniProtKB	Q12355	PST1	GO:0009277		559292	PST1,HPF2,YDR055W,D4214,YD9609.09	C
UniProtKB	Q12370	PAU17	GO:0009277		559292	PAU17,YLL025W,L0968	C
UniProtKB	Q12370	PAU17	GO:0005199		559292	PAU17,YLL025W,L0968	F
UniProtKB	Q12465	RAX2	GO:0005621		559292	RAX2,YLR084C,L2389,L9449.12	C
UniProtKB	Q12465	RAX2	GO:0005621		559292	RAX2,YLR084C,L2389,L9449.12	C
UniProtKB	Q12465	RAX2	GO:0005621		559292	RAX2,YLR084C,L2389,L9449.12	C
UniProtKB	Q12465	RAX2	GO:0005621		559292	RAX2,YLR084C,L2389,L9449.12	C
UniProtKB	Q12512	ZPS1	GO:0009277		559292	ZPS1,YOL154W,AOB249	C
UniProtKB	Q12512	ZPS1	GO:0009277		559292	ZPS1,YOL154W,AOB249	C
UniProtKB	Q3E770	PAU9	GO:0009277		559292	PAU9,YBL108C-A	C
UniProtKB	Q3E770	PAU9	GO:0005199		559292	PAU9,YBL108C-A	F
UniProtKB	Q7LHD1	CCW22	GO:0009277		559292	CCW22,YDR134C,YD9302.09C/YD9302.10C	C
ComplexPortal	CPX-1675	septin_yeast	GO:0005619		559292	2xCDC3:2xCDC10:CDC11:2xCDC12:SHS1	C
