GENE PRODUCT DB	GENE PRODUCT ID	SYMBOL	GO TERM	GO NAME	TAXON ID	GENE_PRODUCT_SYNONYMS	GO ASPECT
UniProtKB	A0A024RBL7	MTERFD3	GO:0042645	mitochondrial nucleoid	9606	MTERFD3,hCG_1641688	C
UniProtKB	A0A0K2FPC3	POLG	GO:0042645	mitochondrial nucleoid	9606	POLG	C
UniProtKB	A0A0K2FPC3	POLG	GO:0042645	mitochondrial nucleoid	9606	POLG	C
UniProtKB	A0A0K2FPC8	POLG	GO:0042645	mitochondrial nucleoid	9606	POLG	C
UniProtKB	A0A0K2FPC8	POLG	GO:0042645	mitochondrial nucleoid	9606	POLG	C
UniProtKB	A0A0S2Z5M8	ELAC2	GO:0042645	mitochondrial nucleoid	9606	ELAC2,hCG_29734	C
UniProtKB	A0A0S2Z5M8	ELAC2	GO:0042645	mitochondrial nucleoid	9606	ELAC2,hCG_29734	C
UniProtKB	A0A0S2Z5M8	ELAC2	GO:0042645	mitochondrial nucleoid	9606	ELAC2,hCG_29734	C
UniProtKB	A0A178U896	AXX17_At5g37450	GO:0042645	mitochondrial nucleoid	3702	AXX17_At5g37450,AT9943_LOCUS20865	C
UniProtKB	A0A178U9X2	AXX17_At5g37450	GO:0042645	mitochondrial nucleoid	3702	AXX17_At5g37450	C
UniProtKB	A0A178UPZ1	AXX17_At5g04000	GO:0042644	chloroplast nucleoid	3702	AXX17_At5g04000,AT9943_LOCUS18323,C24_LOCUS21160	C
UniProtKB	A0A178URE2	AXX17_At5g47000	GO:0042644	chloroplast nucleoid	3702	AXX17_At5g47000,AT9943_LOCUS21633	C
UniProtKB	A0A178V2P1	AXX17_At4g17110	GO:0042645	mitochondrial nucleoid	3702	AXX17_At4g17110	C
UniProtKB	A0A1B0GTU7	POLG	GO:0042645	mitochondrial nucleoid	9606	POLG	C
UniProtKB	A0A1B0GTU7	POLG	GO:0042645	mitochondrial nucleoid	9606	POLG	C
UniProtKB	A0A1B0GVT8	POLG	GO:0042645	mitochondrial nucleoid	9606	POLG	C
UniProtKB	A0A1B0GVT8	POLG	GO:0042645	mitochondrial nucleoid	9606	POLG	C
UniProtKB	A0A2R8S063	tefm	GO:0042645	mitochondrial nucleoid	7955	tefm	C
UniProtKB	A0A384NL29	A0A384NL29	GO:0042645	mitochondrial nucleoid	9606		C
UniProtKB	A0A3G6VDX0	POLG	GO:0042645	mitochondrial nucleoid	9606	POLG	C
UniProtKB	A0A3G6VDX0	POLG	GO:0042645	mitochondrial nucleoid	9606	POLG	C
UniProtKB	A0A5S9Y9E9	C24_LOCUS23974	GO:0042645	mitochondrial nucleoid	3702	C24_LOCUS23974	C
UniProtKB	A0A5S9YC79	AN1_LOCUS25085	GO:0042644	chloroplast nucleoid	3702	AN1_LOCUS25085,C24_LOCUS24914	C
UniProtKB	A0A654FY85	AN1_LOCUS21263	GO:0042644	chloroplast nucleoid	3702	AN1_LOCUS21263	C
UniProtKB	A0A654G7H7	AN1_LOCUS24151	GO:0042645	mitochondrial nucleoid	3702	AN1_LOCUS24151	C
UniProtKB	A0A6H2EGA2	Dmel\CG46459	GO:0042645	mitochondrial nucleoid	7227	Dmel\CG46459,CG46459,Dmel_CG46459	C
UniProtKB	A0A6H2EGA2	Dmel\CG46459	GO:0042645	mitochondrial nucleoid	7227	Dmel\CG46459,CG46459,Dmel_CG46459	C
UniProtKB	A0A7G2EZM2	AT9943_LOCUS15616	GO:0042645	mitochondrial nucleoid	3702	AT9943_LOCUS15616	C
UniProtKB	A1A6H3	RBSK	GO:0042646	plastid nucleoid	3702	RBSK,At1g17160,F20D23.14	C
UniProtKB	A1A6H3	RBSK	GO:0042644	chloroplast nucleoid	3702	RBSK,At1g17160,F20D23.14	C
UniProtKB	A1A6M1	PTAC5	GO:0042644	chloroplast nucleoid	3702	PTAC5,At4g13670,F18A5.60	C
UniProtKB	A1A6M1	PTAC5	GO:0009508	plastid chromosome	3702	PTAC5,At4g13670,F18A5.60	C
UniProtKB	A1A6M1	PTAC5	GO:0042644	chloroplast nucleoid	3702	PTAC5,At4g13670,F18A5.60	C
UniProtKB	A1A6M1	PTAC5	GO:0042644	chloroplast nucleoid	3702	PTAC5,At4g13670,F18A5.60	C
UniProtKB	A4IG62	supv3l1	GO:0042645	mitochondrial nucleoid	7955	supv3l1	C
UniProtKB	A4IG62	supv3l1	GO:0042645	mitochondrial nucleoid	7955	supv3l1	C
UniProtKB	A7YYI7	poldip2	GO:0042645	mitochondrial nucleoid	7955	poldip2	C
UniProtKB	A8K5G6	A8K5G6	GO:0042645	mitochondrial nucleoid	9606		C
UniProtKB	A8K5G6	A8K5G6	GO:0042645	mitochondrial nucleoid	9606		C
UniProtKB	A9JT60	supv3l1	GO:0042645	mitochondrial nucleoid	7955	supv3l1,MGC162283	C
UniProtKB	A9JT60	supv3l1	GO:0042645	mitochondrial nucleoid	7955	supv3l1,MGC162283	C
UniProtKB	B3KT00	B3KT00	GO:0042645	mitochondrial nucleoid	9606		C
UniProtKB	B3KT00	B3KT00	GO:0042645	mitochondrial nucleoid	9606		C
UniProtKB	B4DPU1	B4DPU1	GO:0042645	mitochondrial nucleoid	9606		C
UniProtKB	B4DT15	B4DT15	GO:0042645	mitochondrial nucleoid	9606		C
UniProtKB	B4DT15	B4DT15	GO:0042645	mitochondrial nucleoid	9606		C
UniProtKB	B7Z611	B7Z611	GO:0042645	mitochondrial nucleoid	9606		C
UniProtKB	B7Z611	B7Z611	GO:0042645	mitochondrial nucleoid	9606		C
UniProtKB	B8A5H7	supv3l1	GO:0042645	mitochondrial nucleoid	7955	supv3l1	C
UniProtKB	B8A5H7	supv3l1	GO:0042645	mitochondrial nucleoid	7955	supv3l1	C
UniProtKB	B8A5I7	ssbp1	GO:0009295	nucleoid	7955	ssbp1	C
UniProtKB	B8A5I7	ssbp1	GO:0042645	mitochondrial nucleoid	7955	ssbp1	C
UniProtKB	B8JM39	trmt10c	GO:0042645	mitochondrial nucleoid	7955	trmt10c,rg9mtd1	C
UniProtKB	B8JM40	trmt10c	GO:0042645	mitochondrial nucleoid	7955	trmt10c,rg9mtd1	C
UniProtKB	B9DFZ0	NTH2	GO:0042644	chloroplast nucleoid	3702	NTH2,At1g05900,T20M3.18	C
UniProtKB	B9DFZ0	NTH2	GO:0042644	chloroplast nucleoid	3702	NTH2,At1g05900,T20M3.18	C
UniProtKB	B9DFZ0	NTH2	GO:0042644	chloroplast nucleoid	3702	NTH2,At1g05900,T20M3.18	C
UniProtKB	C9JVB6	TRMT10C	GO:0042645	mitochondrial nucleoid	9606	TRMT10C	C
UniProtKB	E5KNU5	POLG	GO:0042645	mitochondrial nucleoid	9606	POLG,hCG_28647	C
UniProtKB	E5KNU5	POLG	GO:0042645	mitochondrial nucleoid	9606	POLG,hCG_28647	C
UniProtKB	E5KNV8	E5KNV8	GO:0042645	mitochondrial nucleoid	9606		C
UniProtKB	E5KNV8	E5KNV8	GO:0042645	mitochondrial nucleoid	9606		C
UniProtKB	E5KNW2	E5KNW2	GO:0042645	mitochondrial nucleoid	9606		C
UniProtKB	E5KNW2	E5KNW2	GO:0042645	mitochondrial nucleoid	9606		C
UniProtKB	E5KNX5	E5KNX5	GO:0042645	mitochondrial nucleoid	9606		C
UniProtKB	E5KNX5	E5KNX5	GO:0042645	mitochondrial nucleoid	9606		C
UniProtKB	E5KSU5	TFAM	GO:0042645	mitochondrial nucleoid	9606	TFAM,hCG_40210	C
UniProtKB	E9QGL2	poldip2	GO:0042645	mitochondrial nucleoid	7955	poldip2,smtnl	C
UniProtKB	F1QHE2	elac2	GO:0042645	mitochondrial nucleoid	7955	elac2,im:7145112	C
UniProtKB	F1QHE2	elac2	GO:0042645	mitochondrial nucleoid	7955	elac2,im:7145112	C
UniProtKB	F4I0K2	FLN2	GO:0042644	chloroplast nucleoid	3702	FLN2,PFKB1,At1g69200,F23O10.21,F4N2.16	C
UniProtKB	F4I0K2	FLN2	GO:0042644	chloroplast nucleoid	3702	FLN2,PFKB1,At1g69200,F23O10.21,F4N2.16	C
UniProtKB	F4I0K2	FLN2	GO:0042644	chloroplast nucleoid	3702	FLN2,PFKB1,At1g69200,F23O10.21,F4N2.16	C
UniProtKB	F4I3P9	MURE	GO:0042644	chloroplast nucleoid	3702	MURE,APG13,PDE316,At1g63680,F24D7.13	C
UniProtKB	F4IHY7	PTAC12	GO:0009508	plastid chromosome	3702	PTAC12,HMR,PAP5,TAC12,At2g34640,T31E10.2	C
UniProtKB	F4IHY7	PTAC12	GO:0009508	plastid chromosome	3702	PTAC12,HMR,PAP5,TAC12,At2g34640,T31E10.2	C
UniProtKB	F4IHY7	PTAC12	GO:0042644	chloroplast nucleoid	3702	PTAC12,HMR,PAP5,TAC12,At2g34640,T31E10.2	C
UniProtKB	F4IVK9	At2g26840	GO:0042644	chloroplast nucleoid	3702	At2g26840,F12C20.12,F12C20_12	C
UniProtKB	F4J3M2	PTAC3	GO:0009508	plastid chromosome	3702	PTAC3,PDE324,PIGMENT DEFECTIVE 324,At3g04260,T6K12.12,T6K12_12	C
UniProtKB	F4J3M2	PTAC3	GO:0042644	chloroplast nucleoid	3702	PTAC3,PDE324,PIGMENT DEFECTIVE 324,At3g04260,T6K12.12,T6K12_12	C
UniProtKB	F4JEQ3	POLGAMMA1	GO:0042644	chloroplast nucleoid	3702	POLGAMMA1,PolIB,polymerase I B,polymerase gamma 1,At3g20540	C
UniProtKB	F4JF21	PTAC10	GO:0009508	plastid chromosome	3702	PTAC10,PAP3,PDE312,TAC10,At3g48500,T29H11_270,T8P19.10	C
UniProtKB	F4JF21	PTAC10	GO:0009508	plastid chromosome	3702	PTAC10,PAP3,PDE312,TAC10,At3g48500,T29H11_270,T8P19.10	C
UniProtKB	F4JF21	PTAC10	GO:0042644	chloroplast nucleoid	3702	PTAC10,PAP3,PDE312,TAC10,At3g48500,T29H11_270,T8P19.10	C
UniProtKB	F4JK28	At4g09620	GO:0042646	plastid nucleoid	3702	At4g09620,T25P22.60,T25P22_60	C
UniProtKB	F4JLC1	MRL7	GO:0042644	chloroplast nucleoid	3702	MRL7,ECB1,RCB,SVR4,At4g28590	C
UniProtKB	F4JLC1	MRL7	GO:0042644	chloroplast nucleoid	3702	MRL7,ECB1,RCB,SVR4,At4g28590	C
UniProtKB	F4KFV7	At5g39840	GO:0042645	mitochondrial nucleoid	3702	At5g39840,K13H13.20	C
UniProtKB	F4KFV7	At5g39840	GO:0042645	mitochondrial nucleoid	3702	At5g39840,K13H13.20	C
UniProtKB	F8W5R6	polg	GO:0042645	mitochondrial nucleoid	7955	polg	C
UniProtKB	F8W5R6	polg	GO:0042645	mitochondrial nucleoid	7955	polg	C
UniProtKB	G5E9D5	ELAC2	GO:0042645	mitochondrial nucleoid	9606	ELAC2,hCG_29734	C
UniProtKB	G5E9D5	ELAC2	GO:0042645	mitochondrial nucleoid	9606	ELAC2,hCG_29734	C
UniProtKB	H0YD36	POLG	GO:0042645	mitochondrial nucleoid	9606	POLG	C
UniProtKB	H0YD36	POLG	GO:0042645	mitochondrial nucleoid	9606	POLG	C
UniProtKB	J3KTG7	TEFM	GO:0042645	mitochondrial nucleoid	9606	TEFM	C
UniProtKB	O00411	POLRMT	GO:0042645	mitochondrial nucleoid	9606	POLRMT	C
UniProtKB	O13921	msh1	GO:0000262	mitochondrial chromosome	284812	msh1,SPAC13F5.01c,SPAC23C11.18c	C
UniProtKB	O14087	rim1	GO:0042645	mitochondrial nucleoid	284812	rim1,SPAC2F3.04c	C
UniProtKB	O14087	rim1	GO:0009295	nucleoid	284812	rim1,SPAC2F3.04c	C
UniProtKB	O14087	rim1	GO:0042645	mitochondrial nucleoid	284812	rim1,SPAC2F3.04c	C
UniProtKB	O14354	mgm101	GO:0042645	mitochondrial nucleoid	284812	mgm101,SPBC30D10.08	C
UniProtKB	O14354	mgm101	GO:0000262	mitochondrial chromosome	284812	mgm101,SPBC30D10.08	C
UniProtKB	O14354	mgm101	GO:0042645	mitochondrial nucleoid	284812	mgm101,SPBC30D10.08	C
UniProtKB	O14354	mgm101	GO:0000262	mitochondrial chromosome	284812	mgm101,SPBC30D10.08	C
UniProtKB	O14354	mgm101	GO:0042645	mitochondrial nucleoid	284812	mgm101,SPBC30D10.08	C
UniProtKB	O14746	TERT	GO:0042645	mitochondrial nucleoid	9606	TERT,EST2,TCS1,TRT	C
UniProtKB	O60086	SPBC14C8.04	GO:0042645	mitochondrial nucleoid	284812	SPBC14C8.04	C
UniProtKB	O64685	At2g34620	GO:0042646	plastid nucleoid	3702	At2g34620,T31E10.4,T31E10_4	C
UniProtKB	O74378	kgd1	GO:0042645	mitochondrial nucleoid	284812	kgd1,SPBC3H7.03c	C
UniProtKB	O76031	CLPX	GO:0042645	mitochondrial nucleoid	9606	CLPX	C
UniProtKB	O76031	CLPX	GO:0042645	mitochondrial nucleoid	9606	CLPX	C
UniProtKB	O76031	CLPX	GO:0042645	mitochondrial nucleoid	9606	CLPX	C
UniProtKB	O80796	VIPP1	GO:0009508	plastid chromosome	3702	VIPP1,At1g65260,T8F5.2	C
UniProtKB	O80796	VIPP1	GO:0042644	chloroplast nucleoid	3702	VIPP1,At1g65260,T8F5.2	C
UniProtKB	O94623	rev1	GO:0000262	mitochondrial chromosome	284812	rev1,SPBC1347.01c	C
UniProtKB	O94681	kgd2	GO:0042645	mitochondrial nucleoid	284812	kgd2,SPBC776.15c	C
UniProtKB	P04179	SOD2	GO:0042645	mitochondrial nucleoid	9606	SOD2	C
UniProtKB	P05141	SLC25A5	GO:0042645	mitochondrial nucleoid	9606	SLC25A5,AAC2,ANT2	C
UniProtKB	P05511	SPMIT.06	GO:0000262	mitochondrial chromosome	284812	SPMIT.06	C
UniProtKB	P06168	ILV5	GO:0042645	mitochondrial nucleoid	559292	ILV5,YLR355C,L9638.7	C
UniProtKB	P06576	ATP5F1B	GO:0042645	mitochondrial nucleoid	9606	ATP5F1B,ATP5B,ATPMB,ATPSB	C
UniProtKB	P07251	ATP1	GO:0042645	mitochondrial nucleoid	559292	ATP1,YBL099W,YBL0827	C
UniProtKB	P09624	LPD1	GO:0042645	mitochondrial nucleoid	559292	LPD1,DHLP1,YFL018C	C
UniProtKB	P09624	LPD1	GO:0042645	mitochondrial nucleoid	559292	LPD1,DHLP1,YFL018C	C
UniProtKB	P0CS90	SSC1	GO:0042645	mitochondrial nucleoid	559292	SSC1,ENS1,YJR045C,J1639	C
UniProtKB	P11182	DBT	GO:0042645	mitochondrial nucleoid	9606	DBT,BCATE2	C
UniProtKB	P13433	RPO41	GO:0042645	mitochondrial nucleoid	559292	RPO41,YFL036W	C
UniProtKB	P16387	PDA1	GO:0042645	mitochondrial nucleoid	559292	PDA1,YER178W	C
UniProtKB	P17745	TUFA	GO:0042644	chloroplast nucleoid	3702	TUFA,RAB8D,RABE1B,At4g20360,F9F13.10	C
UniProtKB	P19262	KGD2	GO:0042645	mitochondrial nucleoid	559292	KGD2,YDR148C,YD8358.05C	C
UniProtKB	P19262	KGD2	GO:0042645	mitochondrial nucleoid	559292	KGD2,YDR148C,YD8358.05C	C
UniProtKB	P19414	ACO1	GO:0042645	mitochondrial nucleoid	559292	ACO1,GLU1,YLR304C,L8003.22	C
UniProtKB	P19882	HSP60	GO:0042645	mitochondrial nucleoid	559292	HSP60,MIF4,YLR259C,L8479.10	C
UniProtKB	P20967	KGD1	GO:0042645	mitochondrial nucleoid	559292	KGD1,OGD1,YIL125W	C
UniProtKB	P20967	KGD1	GO:0042645	mitochondrial nucleoid	559292	KGD1,OGD1,YIL125W	C
UniProtKB	P20967	KGD1	GO:0042645	mitochondrial nucleoid	559292	KGD1,OGD1,YIL125W	C
UniProtKB	P20967	KGD1	GO:0042645	mitochondrial nucleoid	559292	KGD1,OGD1,YIL125W	C
UniProtKB	P21276	FSD1	GO:0042644	chloroplast nucleoid	3702	FSD1,SODB,At4g25100,F13M23.240	C
UniProtKB	P21796	VDAC1	GO:0042645	mitochondrial nucleoid	9606	VDAC1,VDAC	C
UniProtKB	P21954	IDP1	GO:0042645	mitochondrial nucleoid	559292	IDP1,YDL066W	C
UniProtKB	P22190	SPMIT.03	GO:0000262	mitochondrial chromosome	284812	SPMIT.03	C
UniProtKB	P22191	SPMIT.02	GO:0000262	mitochondrial chromosome	284812	SPMIT.02	C
UniProtKB	P25379	CHA1	GO:0042645	mitochondrial nucleoid	559292	CHA1,YCL064C,YCL64C	C
UniProtKB	P25605	ILV6	GO:0042645	mitochondrial nucleoid	559292	ILV6,YCL009C,YCL9C	C
UniProtKB	P25605	ILV6	GO:0042645	mitochondrial nucleoid	559292	ILV6,YCL009C,YCL9C	C
UniProtKB	P28834	IDH1	GO:0042645	mitochondrial nucleoid	559292	IDH1,YNL037C,N2690	C
UniProtKB	P29372	MPG	GO:0042645	mitochondrial nucleoid	9606	MPG,AAG,ANPG,MID1	C
UniProtKB	P29372	MPG	GO:0042645	mitochondrial nucleoid	9606	MPG,AAG,ANPG,MID1	C
UniProtKB	P31170	HSP21	GO:0042644	chloroplast nucleoid	3702	HSP21,HSP25.3,At4g27670,T29A15.160	C
UniProtKB	P31170	HSP21	GO:0042644	chloroplast nucleoid	3702	HSP21,HSP25.3,At4g27670,T29A15.160	C
UniProtKB	P31327	CPS1	GO:0042645	mitochondrial nucleoid	9606	CPS1	C
UniProtKB	P32445	RIM1	GO:0009295	nucleoid	559292	RIM1,YCR028C-A,YCR28C-A	C
UniProtKB	P32445	RIM1	GO:0042645	mitochondrial nucleoid	559292	RIM1,YCR028C-A,YCR28C-A	C
UniProtKB	P32445	RIM1	GO:0042645	mitochondrial nucleoid	559292	RIM1,YCR028C-A,YCR28C-A	C
UniProtKB	P32473	PDB1	GO:0042645	mitochondrial nucleoid	559292	PDB1,YBR221C,YBR1511	C
UniProtKB	P32580	SUV3	GO:0000262	mitochondrial chromosome	559292	SUV3,YPL029W,LPB2W	C
UniProtKB	P32787	MGM101	GO:0042645	mitochondrial nucleoid	559292	MGM101,MGM9,YJR144W,J2181	C
UniProtKB	P32787	MGM101	GO:0000262	mitochondrial chromosome	559292	MGM101,MGM9,YJR144W,J2181	C
UniProtKB	P32787	MGM101	GO:0042645	mitochondrial nucleoid	559292	MGM101,MGM9,YJR144W,J2181	C
UniProtKB	P32787	MGM101	GO:0042645	mitochondrial nucleoid	559292	MGM101,MGM9,YJR144W,J2181	C
UniProtKB	P32787	MGM101	GO:0042645	mitochondrial nucleoid	559292	MGM101,MGM9,YJR144W,J2181	C
UniProtKB	P32787	MGM101	GO:0042645	mitochondrial nucleoid	559292	MGM101,MGM9,YJR144W,J2181	C
UniProtKB	P34496	mtss-1	GO:0042645	mitochondrial nucleoid	6239	mtss-1,PAR2.1	C
UniProtKB	P34496	mtss-1	GO:0009295	nucleoid	6239	mtss-1,PAR2.1	C
UniProtKB	P34496	mtss-1	GO:0042645	mitochondrial nucleoid	6239	mtss-1,PAR2.1	C
UniProtKB	P34496	mtss-1	GO:0042645	mitochondrial nucleoid	6239	mtss-1,PAR2.1	C
UniProtKB	P34897	SHMT2	GO:0042645	mitochondrial nucleoid	9606	SHMT2	C
UniProtKB	P34897	SHMT2	GO:0042645	mitochondrial nucleoid	9606	SHMT2	C
UniProtKB	P34897	SHMT2	GO:0042645	mitochondrial nucleoid	9606	SHMT2	C
UniProtKB	P36210	RPL12A	GO:0042644	chloroplast nucleoid	3702	RPL12A,At3g27830,K16N12.4	C
UniProtKB	P36775	PIM1	GO:0000262	mitochondrial chromosome	559292	PIM1,LON,YBL022C,YBL0440	C
UniProtKB	P36776	LONP1	GO:0042645	mitochondrial nucleoid	9606	LONP1,PRSS15	C
UniProtKB	P38646	HSPA9	GO:0042645	mitochondrial nucleoid	9606	HSPA9,GRP75,HSPA9B,mt-HSP70	C
UniProtKB	P39987	ECM10	GO:0042645	mitochondrial nucleoid	559292	ECM10,SSC3,YEL030W	C
UniProtKB	P39987	ECM10	GO:0042645	mitochondrial nucleoid	559292	ECM10,SSC3,YEL030W	C
UniProtKB	P39987	ECM10	GO:0042645	mitochondrial nucleoid	559292	ECM10,SSC3,YEL030W	C
UniProtKB	P40939	HADHA	GO:0042645	mitochondrial nucleoid	9606	HADHA,HADH	C
UniProtKB	P42704	LRPPRC	GO:0042645	mitochondrial nucleoid	9606	LRPPRC,LRP130	C
UniProtKB	P42900	SLS1	GO:0042645	mitochondrial nucleoid	559292	SLS1,YLR139C,L3162	C
UniProtKB	P42900	SLS1	GO:0042645	mitochondrial nucleoid	559292	SLS1,YLR139C,L3162	C
UniProtKB	P45880	VDAC2	GO:0042645	mitochondrial nucleoid	9606	VDAC2	C
UniProtKB	P45951	ARP	GO:0042644	chloroplast nucleoid	3702	ARP,REF,At2g41460,T26J13.5	C
UniProtKB	P45951	ARP	GO:0042644	chloroplast nucleoid	3702	ARP,REF,At2g41460,T26J13.5	C
UniProtKB	P46367	ALD4	GO:0042645	mitochondrial nucleoid	559292	ALD4,ALD7,ALDH2,YOR374W,O6730	C
UniProtKB	P48564	MRX6	GO:0000262	mitochondrial chromosome	559292	MRX6,YNL295W,N0462	C
UniProtKB	P49411	TUFM	GO:0042645	mitochondrial nucleoid	9606	TUFM	C
UniProtKB	P49748	ACADVL	GO:0042645	mitochondrial nucleoid	9606	ACADVL,VLCAD	C
UniProtKB	P50546	rpoB	GO:0042644	chloroplast nucleoid	3702	rpoB,AtCg00190	C
UniProtKB	P51530	DNA2	GO:0042645	mitochondrial nucleoid	9606	DNA2,DNA2L,KIAA0083	C
UniProtKB	P53163	MNP1	GO:0042645	mitochondrial nucleoid	559292	MNP1,MRPL12,YGL068W	C
UniProtKB	P53598	LSC1	GO:0042645	mitochondrial nucleoid	559292	LSC1,YOR142W,YOR3352W	C
UniProtKB	P54098	POLG	GO:0042645	mitochondrial nucleoid	9606	POLG,MDP1,POLG1,POLGA	C
UniProtKB	P54098	POLG	GO:0042645	mitochondrial nucleoid	9606	POLG,MDP1,POLG1,POLGA	C
UniProtKB	P54098	POLG	GO:0042645	mitochondrial nucleoid	9606	POLG,MDP1,POLG1,POLGA	C
UniProtKB	P54622	mtSSB	GO:0009295	nucleoid	7227	mtSSB,lopo,CG4337	C
UniProtKB	P54622	mtSSB	GO:0042645	mitochondrial nucleoid	7227	mtSSB,lopo,CG4337	C
UniProtKB	P54622	mtSSB	GO:0000262	mitochondrial chromosome	7227	mtSSB,lopo,CG4337	C
UniProtKB	P55084	HADHB	GO:0042645	mitochondrial nucleoid	9606	HADHB,MSTP029	C
UniProtKB	P56762	rpoA	GO:0042644	chloroplast nucleoid	3702	rpoA,AtCg00740	C
UniProtKB	P56763	rpoC1	GO:0042644	chloroplast nucleoid	3702	rpoC1,AtCg00180	C
UniProtKB	P56764	rpoC2	GO:0042644	chloroplast nucleoid	3702	rpoC2,AtCg00170	C
UniProtKB	P56798	rps3	GO:0042644	chloroplast nucleoid	3702	rps3,AtCg00800	C
UniProtKB	Q00059	TFAM	GO:0042645	mitochondrial nucleoid	9606	TFAM,TCF6,TCF6L2	C
UniProtKB	Q00059	TFAM	GO:0042645	mitochondrial nucleoid	9606	TFAM,TCF6,TCF6L2	C
UniProtKB	Q00059	TFAM	GO:0042645	mitochondrial nucleoid	9606	TFAM,TCF6,TCF6L2	C
UniProtKB	Q00059	TFAM	GO:0042645	mitochondrial nucleoid	9606	TFAM,TCF6,TCF6L2	C
UniProtKB	Q00059	TFAM	GO:0042645	mitochondrial nucleoid	9606	TFAM,TCF6,TCF6L2	C
UniProtKB	Q02486	ABF2	GO:0000262	mitochondrial chromosome	559292	ABF2,HIM1,YMR072W,YM9916.11	C
UniProtKB	Q02486	ABF2	GO:0042645	mitochondrial nucleoid	559292	ABF2,HIM1,YMR072W,YM9916.11	C
UniProtKB	Q02486	ABF2	GO:0042645	mitochondrial nucleoid	559292	ABF2,HIM1,YMR072W,YM9916.11	C
UniProtKB	Q02486	ABF2	GO:0090139	mitochondrial DNA packaging	559292	ABF2,HIM1,YMR072W,YM9916.11	P
UniProtKB	Q04013	YHM2	GO:0042645	mitochondrial nucleoid	559292	YHM2,YMR241W,YM9408.03	C
UniProtKB	Q04013	YHM2	GO:0042645	mitochondrial nucleoid	559292	YHM2,YMR241W,YM9408.03	C
UniProtKB	Q04013	YHM2	GO:0042645	mitochondrial nucleoid	559292	YHM2,YMR241W,YM9408.03	C
UniProtKB	Q04837	SSBP1	GO:0009295	nucleoid	9606	SSBP1,SSBP	C
UniProtKB	Q04837	SSBP1	GO:0042645	mitochondrial nucleoid	9606	SSBP1,SSBP	C
UniProtKB	Q04837	SSBP1	GO:0042645	mitochondrial nucleoid	9606	SSBP1,SSBP	C
UniProtKB	Q04837	SSBP1	GO:0042645	mitochondrial nucleoid	9606	SSBP1,SSBP	C
UniProtKB	Q04837	SSBP1	GO:0042645	mitochondrial nucleoid	9606	SSBP1,SSBP	C
UniProtKB	Q04837	SSBP1	GO:0042645	mitochondrial nucleoid	9606	SSBP1,SSBP	C
UniProtKB	Q09864	hsp60	GO:0042645	mitochondrial nucleoid	284812	hsp60,mcp60,SPAC12G12.04	C
UniProtKB	Q0E7J8	rev7	GO:0000262	mitochondrial chromosome	284812	rev7,SPAC12D12.09,SPBC12D12.09	C
UniProtKB	Q0P4D6	tefm	GO:0042645	mitochondrial nucleoid	7955	tefm,si:dkey-10p5.4,zgc:153083	C
UniProtKB	Q0P4D6	tefm	GO:0042645	mitochondrial nucleoid	7955	tefm,si:dkey-10p5.4,zgc:153083	C
UniProtKB	Q0P4D6	tefm	GO:0042645	mitochondrial nucleoid	7955	tefm,si:dkey-10p5.4,zgc:153083	C
UniProtKB	Q10423	cce1	GO:0000262	mitochondrial chromosome	284812	cce1,ydc2,SPAC25G10.02	C
UniProtKB	Q10988	uve1	GO:0000262	mitochondrial chromosome	284812	uve1,uvde,SPBC19C7.09c	C
UniProtKB	Q12849	GRSF1	GO:0042645	mitochondrial nucleoid	9606	GRSF1	C
UniProtKB	Q1H5E9	PRDA1	GO:0042644	chloroplast nucleoid	3702	PRDA1,At5g48470,MJE7.11	C
UniProtKB	Q1H5E9	PRDA1	GO:0042644	chloroplast nucleoid	3702	PRDA1,At5g48470,MJE7.11	C
UniProtKB	Q1H5E9	PRDA1	GO:0042644	chloroplast nucleoid	3702	PRDA1,At5g48470,MJE7.11	C
UniProtKB	Q20748	atad-3	GO:0042645	mitochondrial nucleoid	6239	atad-3,F54B3.3	C
UniProtKB	Q20748	atad-3	GO:0042645	mitochondrial nucleoid	6239	atad-3,F54B3.3	C
UniProtKB	Q27607	tam	GO:0042645	mitochondrial nucleoid	7227	tam,DNApol-gamma,DNApol-gamma125,DNApolG1,MtPolA,Polg,l(2)34Dc,l(2)br5,pol gamma-alpha,CG8987	C
UniProtKB	Q39089	PAC	GO:0042644	chloroplast nucleoid	3702	PAC,t9j23,At2g48120,F11L15.2	C
UniProtKB	Q49AM1	MTERF2	GO:0042645	mitochondrial nucleoid	9606	MTERF2,MTERFD3	C
UniProtKB	Q49AM1	MTERF2	GO:0042645	mitochondrial nucleoid	9606	MTERF2,MTERFD3	C
UniProtKB	Q49AM1	MTERF2	GO:0042645	mitochondrial nucleoid	9606	MTERF2,MTERFD3	C
UniProtKB	Q49AM1	MTERF2	GO:0042645	mitochondrial nucleoid	9606	MTERF2,MTERFD3	C
UniProtKB	Q4KMD9	elac2	GO:0042645	mitochondrial nucleoid	7955	elac2,im:7145112	C
UniProtKB	Q4KMD9	elac2	GO:0042645	mitochondrial nucleoid	7955	elac2,im:7145112	C
UniProtKB	Q53G26	DNAJA3	GO:0042645	mitochondrial nucleoid	9606	DNAJA3,hCG_15165	C
UniProtKB	Q568F8	ssbp1	GO:0042645	mitochondrial nucleoid	7955	ssbp1,zgc:110325	C
UniProtKB	Q568F8	ssbp1	GO:0009295	nucleoid	7955	ssbp1,zgc:110325	C
UniProtKB	Q5TAQ0	UQCC2	GO:0042645	mitochondrial nucleoid	9606	UQCC2	C
UniProtKB	Q5TAQ0	UQCC2	GO:0042645	mitochondrial nucleoid	9606	UQCC2	C
UniProtKB	Q5U3G2	trmt10c	GO:0042645	mitochondrial nucleoid	7955	trmt10c,rg9mtd1,zgc:103570	C
UniProtKB	Q5WRT0	twnk-1	GO:0042645	mitochondrial nucleoid	6239	twnk-1,CELE_F46G11.1,F46G11.1	C
UniProtKB	Q66GR6	WHY3	GO:0009508	plastid chromosome	3702	WHY3,PTAC11,At2g02740,T20F6.12	C
UniProtKB	Q66GR6	WHY3	GO:0042644	chloroplast nucleoid	3702	WHY3,PTAC11,At2g02740,T20F6.12	C
UniProtKB	Q6DG69	elac2	GO:0042645	mitochondrial nucleoid	7955	elac2,im:7145112	C
UniProtKB	Q6DG69	elac2	GO:0042645	mitochondrial nucleoid	7955	elac2,im:7145112	C
UniProtKB	Q6PBU7	uqcc2	GO:0042645	mitochondrial nucleoid	7955	uqcc2,mnf1,zgc:73238	C
UniProtKB	Q6PBU7	uqcc2	GO:0042645	mitochondrial nucleoid	7955	uqcc2,mnf1,zgc:73238	C
UniProtKB	Q6PBU7	uqcc2	GO:0042645	mitochondrial nucleoid	7955	uqcc2,mnf1,zgc:73238	C
UniProtKB	Q6TGW1	poldip2	GO:0042645	mitochondrial nucleoid	7955	poldip2,PDIP38,smtnl	C
UniProtKB	Q7L0Y3	TRMT10C	GO:0042645	mitochondrial nucleoid	9606	TRMT10C,MRPP1,RG9MTD1	C
UniProtKB	Q7L0Y3	TRMT10C	GO:0042645	mitochondrial nucleoid	9606	TRMT10C,MRPP1,RG9MTD1	C
UniProtKB	Q7L0Y3	TRMT10C	GO:0042645	mitochondrial nucleoid	9606	TRMT10C,MRPP1,RG9MTD1	C
UniProtKB	Q7L2E3	DHX30	GO:0042645	mitochondrial nucleoid	9606	DHX30,DDX30,KIAA0890	C
UniProtKB	Q7L2E3	DHX30	GO:0042645	mitochondrial nucleoid	9606	DHX30,DDX30,KIAA0890	C
UniProtKB	Q7L2E3	DHX30	GO:0042645	mitochondrial nucleoid	9606	DHX30,DDX30,KIAA0890	C
UniProtKB	Q7L2E3	DHX30	GO:0042645	mitochondrial nucleoid	9606	DHX30,DDX30,KIAA0890	C
UniProtKB	Q7L8L6	FASTKD5	GO:0042645	mitochondrial nucleoid	9606	FASTKD5,KIAA1792	C
UniProtKB	Q7L8L6	FASTKD5	GO:0042645	mitochondrial nucleoid	9606	FASTKD5,KIAA1792	C
UniProtKB	Q7L8L6	FASTKD5	GO:0042645	mitochondrial nucleoid	9606	FASTKD5,KIAA1792	C
UniProtKB	Q7ZVW6	poldip2	GO:0042645	mitochondrial nucleoid	7955	poldip2	C
UniProtKB	Q84J78	At4g11060	GO:0042645	mitochondrial nucleoid	3702	At4g11060,F2P3.2,T22B4.40	C
UniProtKB	Q84J78	At4g11060	GO:0009295	nucleoid	3702	At4g11060,F2P3.2,T22B4.40	C
UniProtKB	Q84JF5	PTAC14	GO:0009508	plastid chromosome	3702	PTAC14,PAP7,TAC14,At4g20130,F18F4,F1C12.4	C
UniProtKB	Q84JF5	PTAC14	GO:0009508	plastid chromosome	3702	PTAC14,PAP7,TAC14,At4g20130,F18F4,F1C12.4	C
UniProtKB	Q84JF5	PTAC14	GO:0042644	chloroplast nucleoid	3702	PTAC14,PAP7,TAC14,At4g20130,F18F4,F1C12.4	C
UniProtKB	Q8GWA2	MOC1	GO:0042644	chloroplast nucleoid	3702	MOC1,At2g26840,F12C20.12	C
UniProtKB	Q8GWA2	MOC1	GO:0042644	chloroplast nucleoid	3702	MOC1,At2g26840,F12C20.12	C
UniProtKB	Q8GWJ4	OSB3	GO:0042645	mitochondrial nucleoid	3702	OSB3,At5g44785,K23L20.13,T19K24.10	C
UniProtKB	Q8GWJ4	OSB3	GO:0009295	nucleoid	3702	OSB3,At5g44785,K23L20.13,T19K24.10	C
UniProtKB	Q8GXH3	OSB2	GO:0042645	mitochondrial nucleoid	3702	OSB2,FAA,PTAC9,At4g20010,F18F4.110	C
UniProtKB	Q8GXH3	OSB2	GO:0009295	nucleoid	3702	OSB2,FAA,PTAC9,At4g20010,F18F4.110	C
UniProtKB	Q8GXH3	OSB2	GO:0009508	plastid chromosome	3702	OSB2,FAA,PTAC9,At4g20010,F18F4.110	C
UniProtKB	Q8GXH3	OSB2	GO:0042644	chloroplast nucleoid	3702	OSB2,FAA,PTAC9,At4g20010,F18F4.110	C
UniProtKB	Q8IPQ6	POLDIP2	GO:0042645	mitochondrial nucleoid	7227	POLDIP2,Dmel\CG12162,CG12162,Dmel_CG12162	C
UniProtKB	Q8IYB8	SUPV3L1	GO:0042645	mitochondrial nucleoid	9606	SUPV3L1,SUV3	C
UniProtKB	Q8IYB8	SUPV3L1	GO:0042645	mitochondrial nucleoid	9606	SUPV3L1,SUV3	C
UniProtKB	Q8IYB8	SUPV3L1	GO:0042645	mitochondrial nucleoid	9606	SUPV3L1,SUV3	C
UniProtKB	Q8L844	CRP1	GO:0042644	chloroplast nucleoid	3702	CRP1,At5g42310,K5J14.11	C
UniProtKB	Q8LCA1	CURT1B	GO:0009508	plastid chromosome	3702	CURT1B,PSAP,PSI-P,TMP14,At2g46820,F19D11.10	C
UniProtKB	Q8LCA1	CURT1B	GO:0042644	chloroplast nucleoid	3702	CURT1B,PSAP,PSI-P,TMP14,At2g46820,F19D11.10	C
UniProtKB	Q8VZ74	At5g66470	GO:0042644	chloroplast nucleoid	3702	At5g66470,K1F13.13	C
UniProtKB	Q8VZ74	At5g66470	GO:0042644	chloroplast nucleoid	3702	At5g66470,K1F13.13	C
UniProtKB	Q8VZE7	RAP	GO:0042646	plastid nucleoid	3702	RAP,At2g31890	C
UniProtKB	Q8VZE7	RAP	GO:0042644	chloroplast nucleoid	3702	RAP,At2g31890	C
UniProtKB	Q8VZV9	PTAC7	GO:0009508	plastid chromosome	3702	PTAC7,PDE225,TAC7,At5g24314,MOP9.14	C
UniProtKB	Q8VZV9	PTAC7	GO:0042644	chloroplast nucleoid	3702	PTAC7,PDE225,TAC7,At5g24314,MOP9.14	C
UniProtKB	Q8WVM0	TFB1M	GO:0042645	mitochondrial nucleoid	9606	TFB1M,CGI-75	C
UniProtKB	Q94234	hmg-5	GO:0042645	mitochondrial nucleoid	6239	hmg-5,F45E4.9	C
UniProtKB	Q94234	hmg-5	GO:0042645	mitochondrial nucleoid	6239	hmg-5,F45E4.9	C
UniProtKB	Q94234	hmg-5	GO:0042645	mitochondrial nucleoid	6239	hmg-5,F45E4.9	C
UniProtKB	Q94AA3	PTAC13	GO:0009508	plastid chromosome	3702	PTAC13,At3g09210	C
UniProtKB	Q94AA3	PTAC13	GO:0042644	chloroplast nucleoid	3702	PTAC13,At3g09210	C
UniProtKB	Q95PW5	tag-307	GO:0042645	mitochondrial nucleoid	6239	tag-307,CELE_ZK652.10,ZK652.10	C
UniProtKB	Q969P6	TOP1MT	GO:0042645	mitochondrial nucleoid	9606	TOP1MT	C
UniProtKB	Q969P6	TOP1MT	GO:0042645	mitochondrial nucleoid	9606	TOP1MT	C
UniProtKB	Q96AG4	LRRC59	GO:0042645	mitochondrial nucleoid	9606	LRRC59,PRO1855	C
UniProtKB	Q96EY1-1	DNAJA3	GO:0042645	mitochondrial nucleoid	9606	DNAJA3,HCA57,TID1	C
UniProtKB	Q96EY1-2	DNAJA3	GO:0042645	mitochondrial nucleoid	9606	DNAJA3,HCA57,TID1	C
UniProtKB	Q96QE5	TEFM	GO:0042645	mitochondrial nucleoid	9606	TEFM,C17orf42	C
UniProtKB	Q96QE5	TEFM	GO:0042645	mitochondrial nucleoid	9606	TEFM,C17orf42	C
UniProtKB	Q96QE5	TEFM	GO:0042645	mitochondrial nucleoid	9606	TEFM,C17orf42	C
UniProtKB	Q96RR1	TWNK	GO:0042645	mitochondrial nucleoid	9606	TWNK,C10orf2,PEO1	C
UniProtKB	Q96RR1	TWNK	GO:0042645	mitochondrial nucleoid	9606	TWNK,C10orf2,PEO1	C
UniProtKB	Q96RR1	TWNK	GO:0042645	mitochondrial nucleoid	9606	TWNK,C10orf2,PEO1	C
UniProtKB	Q96RR1	TWNK	GO:0042645	mitochondrial nucleoid	9606	TWNK,C10orf2,PEO1	C
UniProtKB	Q99373	PET20	GO:0000262	mitochondrial chromosome	559292	PET20,YPL159C,P2567	C
UniProtKB	Q99551	MTERF1	GO:0042645	mitochondrial nucleoid	9606	MTERF1,MTERF	C
UniProtKB	Q99714	HSD17B10	GO:0042645	mitochondrial nucleoid	9606	HSD17B10,ERAB,HADH2,MRPP2,SCHAD,SDR5C1,XH98G2	C
UniProtKB	Q99714	HSD17B10	GO:0042645	mitochondrial nucleoid	9606	HSD17B10,ERAB,HADH2,MRPP2,SCHAD,SDR5C1,XH98G2	C
UniProtKB	Q99714	HSD17B10	GO:0042645	mitochondrial nucleoid	9606	HSD17B10,ERAB,HADH2,MRPP2,SCHAD,SDR5C1,XH98G2	C
UniProtKB	Q9BQ52	ELAC2	GO:0042645	mitochondrial nucleoid	9606	ELAC2,HPC2	C
UniProtKB	Q9BQ52	ELAC2	GO:0042645	mitochondrial nucleoid	9606	ELAC2,HPC2	C
UniProtKB	Q9BQ52	ELAC2	GO:0042645	mitochondrial nucleoid	9606	ELAC2,HPC2	C
UniProtKB	Q9BQ52	ELAC2	GO:0042645	mitochondrial nucleoid	9606	ELAC2,HPC2	C
UniProtKB	Q9BRT2	UQCC2	GO:0042645	mitochondrial nucleoid	9606	UQCC2,C6orf125,MNF1	C
UniProtKB	Q9BRT2	UQCC2	GO:0042645	mitochondrial nucleoid	9606	UQCC2,C6orf125,MNF1	C
UniProtKB	Q9BRT2	UQCC2	GO:0042645	mitochondrial nucleoid	9606	UQCC2,C6orf125,MNF1	C
UniProtKB	Q9C504	F27M3_4	GO:0000262	mitochondrial chromosome	3702	F27M3_4,At1g31760,F5M6.23	C
UniProtKB	Q9C5A5	At5g08720	GO:0042644	chloroplast nucleoid	3702	At5g08720,At5g08720/T2K12_70	C
UniProtKB	Q9CAF6	GYRA	GO:0042644	chloroplast nucleoid	3702	GYRA,At3g10690,F13M14.2,T7M13.23	C
UniProtKB	Q9FJP3	RPL29	GO:0042644	chloroplast nucleoid	3702	RPL29,At5g65220,MQN23.16	C
UniProtKB	Q9FK23	MTERF8	GO:0009508	plastid chromosome	3702	MTERF8,PTAC15,At5g54180,K18G13.5	C
UniProtKB	Q9FK23	MTERF8	GO:0042644	chloroplast nucleoid	3702	MTERF8,PTAC15,At5g54180,K18G13.5	C
UniProtKB	Q9FMX0	FSD3	GO:0042644	chloroplast nucleoid	3702	FSD3,At5g23310,MKD15.17	C
UniProtKB	Q9FMX0	FSD3	GO:0042644	chloroplast nucleoid	3702	FSD3,At5g23310,MKD15.17	C
UniProtKB	Q9FMX0	FSD3	GO:0042644	chloroplast nucleoid	3702	FSD3,At5g23310,MKD15.17	C
UniProtKB	Q9FMX0	FSD3	GO:0042646	plastid nucleoid	3702	FSD3,At5g23310,MKD15.17	C
UniProtKB	Q9FYJ2	OSB4	GO:0042645	mitochondrial nucleoid	3702	OSB4,At1g31010,F17F8.7	C
UniProtKB	Q9FYJ2	OSB4	GO:0009295	nucleoid	3702	OSB4,At1g31010,F17F8.7	C
UniProtKB	Q9H5Q4	TFB2M	GO:0042645	mitochondrial nucleoid	9606	TFB2M,NS5ATP5	C
UniProtKB	Q9LDY9	IJ	GO:0042644	chloroplast nucleoid	3702	IJ,At3g12930,MGH6.5	C
UniProtKB	Q9LHN2	At3g18870	GO:0042646	plastid nucleoid	3702	At3g18870	C
UniProtKB	Q9LII1	At3g18580	GO:0042645	mitochondrial nucleoid	3702	At3g18580	C
UniProtKB	Q9LII1	At3g18580	GO:0009295	nucleoid	3702	At3g18580	C
UniProtKB	Q9LT27	At3g19810	GO:0042644	chloroplast nucleoid	3702	At3g19810,MPN9.5	C
UniProtKB	Q9LU64	FSD2	GO:0042644	chloroplast nucleoid	3702	FSD2,APG8,At5g51100,MWD22.4	C
UniProtKB	Q9LU64	FSD2	GO:0042644	chloroplast nucleoid	3702	FSD2,APG8,At5g51100,MWD22.4	C
UniProtKB	Q9LU64	FSD2	GO:0042644	chloroplast nucleoid	3702	FSD2,APG8,At5g51100,MWD22.4	C
UniProtKB	Q9LW85	MFP1	GO:0042646	plastid nucleoid	3702	MFP1,At3g16000,MSL1.4	C
UniProtKB	Q9LZ66	SIR	GO:0042644	chloroplast nucleoid	3702	SIR,At5g04590,T32M21.190	C
UniProtKB	Q9LZ66	SIR	GO:0042644	chloroplast nucleoid	3702	SIR,At5g04590,T32M21.190	C
UniProtKB	Q9M394	FLN1	GO:0042644	chloroplast nucleoid	3702	FLN1,PAP6,PFKB2,At3g54090,F24B22.50	C
UniProtKB	Q9M394	FLN1	GO:0042644	chloroplast nucleoid	3702	FLN1,PAP6,PFKB2,At3g54090,F24B22.50	C
UniProtKB	Q9M394	FLN1	GO:0042644	chloroplast nucleoid	3702	FLN1,PAP6,PFKB2,At3g54090,F24B22.50	C
UniProtKB	Q9M7X9	CITRX	GO:0042644	chloroplast nucleoid	3702	CITRX,PAP10,TRX P,TRX Z,At3g06730,F3E22.13	C
UniProtKB	Q9M8L6	PTAC17	GO:0009508	plastid chromosome	3702	PTAC17,At1g80480,T21F11.27,T21F11_27	C
UniProtKB	Q9M8L6	PTAC17	GO:0042644	chloroplast nucleoid	3702	PTAC17,At1g80480,T21F11.27,T21F11_27	C
UniProtKB	Q9M9S3	WHY1	GO:0009508	plastid chromosome	3702	WHY1,PTAC1,At1g14410,F14L17.18	C
UniProtKB	Q9M9S3	WHY1	GO:0042644	chloroplast nucleoid	3702	WHY1,PTAC1,At1g14410,F14L17.18	C
UniProtKB	Q9NUL7	DDX28	GO:0042645	mitochondrial nucleoid	9606	DDX28,MDDX28	C
UniProtKB	Q9NUL7	DDX28	GO:0042645	mitochondrial nucleoid	9606	DDX28,MDDX28	C
UniProtKB	Q9NUL7	DDX28	GO:0042645	mitochondrial nucleoid	9606	DDX28,MDDX28	C
UniProtKB	Q9NUL7	DDX28	GO:0042645	mitochondrial nucleoid	9606	DDX28,MDDX28	C
UniProtKB	Q9NVI7	ATAD3A	GO:0042645	mitochondrial nucleoid	9606	ATAD3A	C
UniProtKB	Q9NVI7	ATAD3A	GO:0042645	mitochondrial nucleoid	9606	ATAD3A	C
UniProtKB	Q9NYY8	FASTKD2	GO:0042645	mitochondrial nucleoid	9606	FASTKD2,KIAA0971	C
UniProtKB	Q9NYY8	FASTKD2	GO:0042645	mitochondrial nucleoid	9606	FASTKD2,KIAA0971	C
UniProtKB	Q9NYY8	FASTKD2	GO:0042645	mitochondrial nucleoid	9606	FASTKD2,KIAA0971	C
UniProtKB	Q9P6L6	rev3	GO:0000262	mitochondrial chromosome	284812	rev3,SPAC688.10	C
UniProtKB	Q9S7Q2	PTAC2	GO:0009508	plastid chromosome	3702	PTAC2,At1g74850,F25A4.18,F9E10.30	C
UniProtKB	Q9S7Q2	PTAC2	GO:0042644	chloroplast nucleoid	3702	PTAC2,At1g74850,F25A4.18,F9E10.30	C
UniProtKB	Q9SIC4	NTH1	GO:0042644	chloroplast nucleoid	3702	NTH1,At2g31450,T28P16.6	C
UniProtKB	Q9SIC4	NTH1	GO:0042644	chloroplast nucleoid	3702	NTH1,At2g31450,T28P16.6	C
UniProtKB	Q9SIC4	NTH1	GO:0042644	chloroplast nucleoid	3702	NTH1,At2g31450,T28P16.6	C
UniProtKB	Q9SKY2	PTAC18	GO:0009508	plastid chromosome	3702	PTAC18,At2g32180,F22D22.7,F22D22_7	C
UniProtKB	Q9SKY2	PTAC18	GO:0042644	chloroplast nucleoid	3702	PTAC18,At2g32180,F22D22.7,F22D22_7	C
UniProtKB	Q9SMX1	SUV3	GO:0042645	mitochondrial nucleoid	3702	SUV3,EDA15,PDD17,PDD26,At4g14790,FCAALL.309,dl3435c	C
UniProtKB	Q9SMX1	SUV3	GO:0042645	mitochondrial nucleoid	3702	SUV3,EDA15,PDD17,PDD26,At4g14790,FCAALL.309,dl3435c	C
UniProtKB	Q9STF2	PTAC16	GO:0042644	chloroplast nucleoid	3702	PTAC16,At3g46780,T6H20.190	C
UniProtKB	Q9STF2	PTAC16	GO:0009508	plastid chromosome	3702	PTAC16,At3g46780,T6H20.190	C
UniProtKB	Q9STF2	PTAC16	GO:0042644	chloroplast nucleoid	3702	PTAC16,At3g46780,T6H20.190	C
UniProtKB	Q9STF2	PTAC16	GO:0042644	chloroplast nucleoid	3702	PTAC16,At3g46780,T6H20.190	C
UniProtKB	Q9SX99	OSB1	GO:0009295	nucleoid	3702	OSB1,At1g47720,F16N3.2,T2E6.21	C
UniProtKB	Q9SX99	OSB1	GO:0042645	mitochondrial nucleoid	3702	OSB1,At1g47720,F16N3.2,T2E6.21	C
UniProtKB	Q9UHN1	POLG2	GO:0042645	mitochondrial nucleoid	9606	POLG2,MTPOLB	C
UniProtKB	Q9UHN1	POLG2	GO:0042645	mitochondrial nucleoid	9606	POLG2,MTPOLB	C
UniProtKB	Q9UT03	sls1	GO:0042645	mitochondrial nucleoid	284812	sls1,SPAP8A3.14c	C
UniProtKB	Q9UUA2	pfh1	GO:0000262	mitochondrial chromosome	284812	pfh1,pif1,rph1,SPBC887.14c	C
UniProtKB	Q9VEX6	bor	GO:0042645	mitochondrial nucleoid	7227	bor,CG6815,Dmel_CG6815	C
UniProtKB	Q9VEX6	bor	GO:0042645	mitochondrial nucleoid	7227	bor,CG6815,Dmel_CG6815	C
UniProtKB	Q9VL76	mtDNA-helicase	GO:0042645	mitochondrial nucleoid	7227	mtDNA-helicase,Dmel\CG5924,mtDNA helicase,CG5924,Dmel_CG5924	C
UniProtKB	Q9VNC0	POLDIP2	GO:0042645	mitochondrial nucleoid	7227	POLDIP2,Dmel\CG12162,CG12162,Dmel_CG12162	C
UniProtKB	Q9XI19	PTAC6	GO:0009508	plastid chromosome	3702	PTAC6,At1g21600,F8K7.1	C
UniProtKB	Q9XI19	PTAC6	GO:0042644	chloroplast nucleoid	3702	PTAC6,At1g21600,F8K7.1	C
UniProtKB	Q9XIK0	PRIN2	GO:0042646	plastid nucleoid	3702	PRIN2,At1g10522,T10O24.14	C
UniProtKB	Q9XIK0	PRIN2	GO:0042644	chloroplast nucleoid	3702	PRIN2,At1g10522,T10O24.14	C
UniProtKB	Q9Y2S7	POLDIP2	GO:0042645	mitochondrial nucleoid	9606	POLDIP2,PDIP38,POLD4,HSPC017	C
UniProtKB	Q9Y2S7	POLDIP2	GO:0042645	mitochondrial nucleoid	9606	POLDIP2,PDIP38,POLD4,HSPC017	C
UniProtKB	V5IRT4	UQCC2	GO:0042645	mitochondrial nucleoid	9606	UQCC2	C
UniProtKB	V5IRT4	UQCC2	GO:0042645	mitochondrial nucleoid	9606	UQCC2	C
ComplexPortal	CPX-1293	kgdh_yeast	GO:0042645	mitochondrial nucleoid	559292	Mitochondrial alpha-ketoacid dehydrogenase complex,KGD1:KGD2:LPD1:YMR31	C
ComplexPortal	CPX-3146	mtf1-rpo41	GO:0042645	mitochondrial nucleoid	559292	MTF1:RPO41,mitochondrial RNA polymerase,MTF1-RPOM complex	C
